"","A.muc","Firmicutes","Bacteroidetes","Lactobucillius","Bifido","Parab"
"A1+AC0-2",-0.963333333333331,0.378333333333333,-0.196333333333333,1.02566666666667,-3.47033333333333,-3.09483333333333
"A1+AC0-2",NA,-0.471666666666665,0.236666666666666,NA,NA,NA
"A1+AC0-2",-0.818333333333332,0.618333333333335,0.286666666666667,0.275666666666666,-3.24333333333333,-2.66483333333333
"A2+AC0-2",-0.237999999999996,0.287666666666665,-0.532333333333332,-1.23783333333333,-3.45483333333333,-3.33533333333333
"A2+AC0-2",-0.0920000000000023,0.109666666666668,-0.287333333333335,-2.16183333333333,-2.79383333333333,-1.39633333333333
"A2+AC0-2",1.245,0.408666666666667,-0.809333333333333,-2.50983333333333,-3.09183333333334,-2.85533333333333
"A3+AC0-2",-3.87766666666667,1.437,0.0833333333333315,-0.784000000000002,0.105666666666666,-0.819000000000003
"A3+AC0-2",-4.14766666666667,0.855999999999999,0.416333333333333,-0.166,0.504666666666667,-0.819000000000003
"A3+AC0-2",-3.57166666666667,1.502,0.594333333333334,0.569999999999997,0.388666666666667,-0.819000000000003
"A4+AC0-2",5.203,-0.441666666666668,-0.212333333333335,1.45066666666667,6.31033333333333,5.12833333333333
"A4+AC0-2",3.857,-0.675666666666668,-1.04433333333333,0.172666666666668,3.59733333333333,5.12833333333333
"A4+AC0-2",4.818,-0.03466666666667,-0.453333333333334,0.591666666666665,4.86433333333333,5.12833333333333
"A5+AC0-2",6.174,-0.923999999999998,0.693000000000001,2.18666666666667,NA,NA
"A5+AC0-2",4.645,-0.930999999999997,0.0980000000000008,NA,0.391333333333336,0.349333333333334
"A5+AC0-2",5.081,-0.331999999999999,1.167,2.18666666666667,1.21833333333334,1.14333333333334
"A6+AC0-2",0.234999999999999,-0.626000000000001,-0.323666666666666,6.01333333333334,0.160000000000001,1.714
"A6+AC0-2",-0.347000000000001,-0.682,-0.133666666666667,6.67433333333334,-0.159999999999999,1.573
"A6+AC0-2",-0.183000000000003,-0.463000000000001,-0.184666666666667,5.21133333333334,0.284,2.127
"A7+AC0-2",-0.959666666666667,0.734333333333333,0.384666666666665,0.18033333333333,-2.29433333333333,0.515666666666664
"A7+AC0-2",-2.22466666666667,-0.325666666666667,-0.442333333333335,0.0293333333333337,-3.01233333333333,-0.0483333333333356
"A7+AC0-2",-1.30566666666667,0.707333333333332,1.19566666666667,-1.08066666666667,-2.12033333333333,1.39066666666666
"A8+AC0-2",1.035,0.485666666666668,-0.212666666666666,NA,-3.18566666666667,3.18066666666667
"A8+AC0-2",-0.321999999999999,0.306666666666666,0.303333333333334,4.58666666666667,-2.71766666666667,4.00066666666667
"A8+AC0-2",0.533000000000005,0.382666666666667,-0.472666666666666,4.65866666666667,-2.80366666666666,3.56166666666667
"A9+AC0-2",NA,-0.577000000000001,0.746333333333334,-3.21533333333333,-3.49633333333333,-3.80333333333333
"A9+AC0-2",4.58433333333333,-1.288,0.478333333333333,-2.87133333333333,-3.93533333333333,NA
"A9+AC0-2",5.64833333333333,-0.762,0.415333333333335,-2.69333333333333,-3.52433333333333,-2.66333333333333
"A10+AC0-2",-6.37033333333333,-0.201999999999997,-0.108999999999999,NA,-1.05733333333333,0.0300000000000011
"A10+AC0-2",-6.70533333333333,-0.730999999999997,-0.292000000000001,0.578666666666663,-1.24233333333333,1.632
"A10+AC0-2",-6.49833333333333,-0.539999999999998,-0.259,1.55366666666666,-0.982333333333335,0.420000000000002
"A11+AC0-2",-2.479,0.478666666666668,0.331666666666669,NA,0.149333333333335,2.61
"A11+AC0-2",-2.181,0.0256666666666683,0.330666666666668,7.93533333333334,0.0523333333333369,2.61
"A11+AC0-2",-2.245,0.681666666666671,-0.183333333333332,5.33833333333333,0.186333333333337,2.61
"A12+AC0-2",6.72866666666667,-0.925000000000001,1.37733333333333,NA,-0.465000000000001,14.9673333333333
"A12+AC0-2",6.02566666666667,-1.589,0.652333333333335,1.634,-0.718000000000001,14.9673333333333
"A12+AC0-2",6.79266666666667,-0.922000000000001,1.39033333333333,1.969,0.205999999999999,14.9673333333333
"A13+AC0-2",0.391333333333332,0.367666666666667,0.124333333333334,0.722999999999999,-2.245,0.316666666666666
"A13+AC0-2",-0.560666666666666,-0.341333333333333,-0.545666666666666,NA,-2.889,0.110666666666663
"A13+AC0-2",-0.0576666666666661,0.0576666666666679,-0.0476666666666652,0.725000000000001,-2.597,0.734666666666666
"A14+AC0-2",-0.445333333333334,-1.507,0.474666666666667,-0.441666666666663,-3.17833333333333,-1.1305
"A14+AC0-2",0.457666666666665,-1.583,0.0516666666666665,NA,-2.71433333333333,-0.923500000000001
"A14+AC0-2",1.34466666666667,-1.586,0.0196666666666665,-0.860666666666667,-3.32133333333333,-0.455500000000001
"A15+AC0-2",-2.433,-0.285333333333332,1.054,-0.0263333333333335,-0.425333333333333,-2.21066666666666
"A15+AC0-2",-3.187,-0.404333333333332,-0.227999999999999,1.06766666666667,-0.942333333333332,NA
"A15+AC0-2",-2.557,-0.239333333333333,0.0460000000000018,-0.395333333333333,-0.172333333333333,-1.85666666666667
"A16+AC0-2",1.18333333333333,0.307666666666665,0.999,NA,-0.793333333333334,0.745666666666667
"A16+AC0-2",0.809333333333331,0.377666666666666,-0.239000000000001,-1.42566666666667,-0.668333333333334,1.47366666666666
"A16+AC0-2",0.504333333333332,0.334666666666666,0.228999999999999,-1.62966666666667,-0.764333333333334,0.882666666666664
"A17+AC0-2",-1.509,-0.517499999999998,-0.001999999999998,2.5485,-0.734499999999997,0.293666666666667
"A17+AC0-2",-1.174,-0.479499999999998,0.0500000000000016,2.0155,-0.568499999999997,-0.336333333333336
"A17+AC0-2",NA,NA,NA,NA,NA,0.293666666666667
"A18+AC0-2",8.386,0.753,-0.3025,1.878,3.244,-0.696999999999999
"A18+AC0-2",8.796,0.641999999999999,-0.487500000000001,2.301,3.289,-0.696999999999999
"A18+AC0-2",NA,NA,-0.118500000000001,2.727,3.419,-0.696999999999999
"A19+AC0-2",-2.2155,0.603000000000002,0.682,5.202,1.2335,0.185500000000001
"A19+AC0-2",1.6215,0.333000000000002,0.670000000000003,4.796,1.3125,-1.1105
"A19+AC0-2",NA,NA,NA,NA,NA,NA
"A20+AC0-2",-2.30583333333333,-0.155333333333334,0.214666666666668,-0.393999999999995,-0.133666666666665,3.974
"A20+AC0-2",-1.94083333333333,-0.263333333333334,0.122666666666667,-1.61,-0.0956666666666646,3.641
"A20+AC0-2",NA,NA,NA,NA,NA,NA
"A21+AC0-2",-0.396999999999998,0.158000000000001,-0.046333333333332,3.886,-1.738,1.9115
"A21+AC0-2",-0.655999999999999,-0.140999999999998,-0.260333333333332,NA,-1.957,2.6975
"A21+AC0-2",NA,-0.619,1.00966666666667,1.306,-1.558,2.6975
"A22+AC0-2",-0.786166666666665,-0.559666666666667,-0.421,-1.525,-2.45416666666667,-3.23466666666667
"A22+AC0-2",-0.877166666666666,-0.709666666666665,-0.216999999999999,-1.112,-3.11016666666667,-3.39066666666667
"A22+AC0-2",-0.824166666666665,-0.865666666666668,-0.213999999999999,NA,-2.87816666666667,-3.00066666666667
"A23+AC0-2",-0.561666666666667,0.0173333333333328,0.0543333333333322,0.607333333333337,-1.01866666666667,0.290333333333331
"A23+AC0-2",-0.58966666666667,0.264333333333333,0.665333333333333,0.428333333333335,-0.711666666666669,1.10333333333333
"A23+AC0-2",-1.28566666666667,-0.445666666666666,0.425333333333333,1.62133333333333,-1.39566666666667,1.40333333333333
"A24+AC0-2",-5.02533333333333,-1.27433333333333,0.0506666666666664,-1.12166666666667,1.50666666666666,-5.512
"A24+AC0-2",-5.00633333333334,-1.23733333333333,0.308666666666666,-0.902666666666676,1.11666666666666,-5.609
"A24+AC0-2",-5.66033333333334,-1.50033333333333,-0.335333333333335,-0.831666666666671,0.701666666666664,-6.097
"A25+AC0-2",0.0953333333333326,0.440999999999999,0.0496666666666659,NA,0.529666666666666,-2.39966666666667
"A25+AC0-2",0.349333333333334,0.183999999999997,0.0376666666666672,1.378,0.482666666666665,-2.04566666666667
"A25+AC0-2",-0.720666666666666,-0.0130000000000017,-0.129333333333333,0.907,0.190666666666667,-2.07066666666667
"A26+AC0-2",-8.67516666666667,NA,-0.390333333333333,-0.593166666666662,-1.31566666666667,0.996333333333336
"A26+AC0-2",-8.65716666666667,0.632666666666667,-0.385333333333332,-0.248166666666663,-1.49466666666667,0.996333333333336
"A26+AC0-2",-8.77316666666666,0.408666666666667,-0.364333333333333,-0.745166666666663,-1.37266666666667,0.996333333333336
"A27+AC0-2",-1.75366666666666,0.172333333333334,0.229666666666668,1.037,0.539000000000002,-0.393000000000001
"A27+AC0-2",-1.54666666666666,-0.182666666666666,0.223666666666668,0.896000000000001,0.255000000000003,-0.393000000000001
"A27+AC0-2",-1.86766666666666,0.119333333333334,-0.0123333333333331,1.661,0.319000000000004,-0.393000000000001
"A28+AC0-2",1.26366666666667,-2.9455,-24.538,-3.81833333333333,-17.761,-0.949
"A28+AC0-2",2.49666666666667,-3.2555,-25.151,-4.43833333333334,NA,-0.0630000000000006
"A28+AC0-2",1.87166666666667,-3.7225,-26.466,-5.71333333333333,-18.899,-0.960000000000003
"A29+AC0-2",0.606333333333332,NA,NA,6.15733333333333,NA,4.62833333333333
"A29+AC0-2",1.67633333333334,0.791833333333333,1.87933333333333,6.15733333333333,3.10583333333333,4.62833333333333
"A29+AC0-2",0.648333333333333,0.362833333333333,-0.0546666666666678,NA,-1.52516666666667,NA
"A30+AC0-2",NA,2.131,NA,NA,NA,NA
"A30+AC0-2",3.311,0.678000000000001,-0.692499999999998,-0.185999999999996,-0.1495,6.9115
"A30+AC0-2",3.541,0.456000000000001,-0.814499999999998,-0.831,-0.5855,7.3645
"B1+AC0-2",NA,0.114333333333335,-0.315,-3.16800000000001,0.537333333333333,-0.137333333333338
"B1+AC0-2",4.41733333333333,-0.226666666666667,0.117,-3.27200000000001,-0.958666666666669,1.19366666666667
"B1+AC0-2",4.17933333333333,0.183333333333335,0.161000000000001,-3.042,-0.950666666666667,1.19366666666667
"B2+AC0-2",0.154666666666667,-0.226666666666666,0.150666666666667,-4.62483333333333,-1.49733333333333,3.74116666666667
"B2+AC0-2",0.191666666666666,-0.399666666666668,-0.126333333333334,-4.53883333333333,-1.53633333333333,4.21216666666667
"B2+AC0-2",-1.20233333333333,-0.118666666666669,0.285666666666667,-3.96083333333333,-1.30533333333334,4.33816666666667
"B3+AC0-2",-4.09783333333333,-0.224333333333331,0.126333333333334,-8.70233333333333,-1.75266666666667,1.25333333333334
"B3+AC0-2",-2.30283333333333,-1.49833333333333,0.0173333333333343,-8.33733333333333,-1.48466666666667,2.93333333333334
"B3+AC0-2",-5.03983333333333,-0.701333333333332,0.0523333333333345,-9.28033333333333,-1.52166666666667,1.63833333333334
"B4+AC0-2",8.22233333333333,1.08,0.0530000000000015,6.91433333333334,-2.24933333333333,-0.165999999999997
"B4+AC0-2",8.26533333333333,0.833000000000001,0.128000000000001,11.1823333333333,-2.15233333333333,-0.165999999999997
"B4+AC0-2",7.90633333333333,0.418000000000001,-0.217999999999999,11.1823333333333,-2.03133333333333,-0.165999999999997
"B5+AC0-2",-4.89833333333334,0.150833333333333,0.122999999999999,-1.70016666666667,-1.47133333333333,-0.687999999999999
"B5+AC0-2",-4.90033333333333,-0.141166666666669,-0.0770000000000017,-2.79816666666667,-1.35533333333333,-0.687999999999999
"B5+AC0-2",-5.11733333333333,-0.480166666666667,0.760999999999999,-2.89216666666667,-1.36233333333334,-0.687999999999999
"B6+AC0-2",-3.63733333333334,-1.06533333333333,0.256333333333333,7.45266666666667,0.599,0.869666666666667
"B6+AC0-2",-3.19933333333334,-0.981333333333332,0.305333333333333,5.69366666666667,-0.464000000000002,0.869666666666667
"B6+AC0-2",-3.37233333333334,-0.94233333333333,0.250333333333333,7.32266666666666,0.552,0.869666666666667
"B7+AC0-2",0.63366666666667,0.0516666666666663,0.0286666666666673,-2.64733333333333,-4.37666666666667,-3.36466666666667
"B7+AC0-2",1.72466666666667,-0.0203333333333329,-0.00933333333333297,-2.72833333333333,-4.55766666666667,-3.52766666666666
"B7+AC0-2",1.33366666666667,-0.392333333333333,-0.0673333333333328,-2.78433333333333,-4.63866666666667,-2.80166666666667
"B8+AC0-2",-0.688666666666663,0.133666666666669,0.264333333333335,0.307000000000006,-4.849,2.79366666666667
"B8+AC0-2",0.281333333333336,0.113666666666669,0.311333333333335,NA,-4.877,2.79366666666667
"B8+AC0-2",0.471333333333334,-0.0373333333333306,-0.0536666666666648,0.573000000000004,-5.136,NA
"B9+AC0-2",-2.02633333333334,0.324000000000002,0.0843333333333345,-4.71749999999999,0.837666666666667,1.79966666666667
"B9+AC0-2",-0.743333333333336,0.291,0.357333333333334,-5.7615,0.968666666666667,1.84566666666667
"B9+AC0-2",-1.58133333333334,0.187000000000001,0.210333333333334,-5.61149999999999,1.09566666666667,1.95366666666667
"B10+AC0-2",-3.214,-1.047,0.0603333333333331,-6.4125,-4.61566666666667,0.161999999999999
"B10+AC0-2",-2.729,-1.036,0.0483333333333327,-5.8405,-4.81466666666667,0.161999999999999
"B10+AC0-2",-2.826,-1.062,-0.00366666666666693,-6.3655,-4.88866666666667,NA
"B11+AC0-2",-0.811333333333334,-0.326666666666667,0.227,NA,-1.94533333333333,-2.32966666666667
"B11+AC0-2",-0.883333333333336,-0.784666666666669,0.165,-0.315666666666672,-2.24133333333333,-2.86666666666667
"B11+AC0-2",0.473666666666663,-0.546666666666669,0.0430000000000004,-0.74666666666667,-1.93233333333333,-2.77966666666667
"B12+AC0-2",-0.67966666666667,0.573333333333333,-0.0436666666666674,1.42283333333333,0.0309999999999997,2.05583333333333
"B12+AC0-2",-0.462666666666667,0.643333333333333,0.143333333333334,1.05583333333334,0.101,NA
"B12+AC0-2",-0.116666666666667,0.729333333333332,0.0993333333333333,NA,0.127,1.36383333333333
"B13+AC0-2",-1.40633333333333,0.5,-0.106666666666666,-4.85433333333333,-0.127999999999998,-0.0303333333333313
"B13+AC0-2",-1.00433333333333,0.277000000000001,-0.128666666666666,-5.07633333333333,0.162000000000001,1.02066666666667
"B13+AC0-2",-0.336333333333332,0.259,-0.160666666666666,-6.15033333333333,-0.108999999999998,0.0666666666666664
"B14+AC0-2",-0.714666666666666,-1.079,-0.0043333333333333,2.99016666666667,-10.256,-0.240333333333332
"B14+AC0-2",-1.75366666666667,-1.225,-0.0523333333333333,NA,-10.256,-0.240333333333332
"B14+AC0-2",-0.746666666666663,-1.123,-0.0553333333333335,2.10816666666667,-10.35,-0.48233333333333
"B16+AC0-2",-1.722,-0.236333333333333,0.779333333333333,-1.15366666666667,0.174333333333331,-2.46266666666667
"B16+AC0-2",-1.443,-0.122333333333332,0.222333333333334,NA,-0.0256666666666678,-3.28766666666667
"B16+AC0-2",-1.508,-0.138333333333334,0.0863333333333334,-0.999666666666666,0.239333333333333,-2.92566666666667
"B17+AC0-2",2.32266666666667,1.15966666666666,-0.257333333333333,0.417166666666667,1.04,1.01416666666667
"B17+AC0-2",1.63466666666667,1.27566666666667,-0.144333333333334,0.730166666666669,1.121,1.01416666666667
"B17+AC0-2",1.85066666666667,1.25466666666667,-0.0163333333333338,NA,1.095,1.01416666666667
"B18+AC0-2",-0.709333333333331,-0.649999999999999,0.718000000000002,2.30816666666666,-5.62166666666666,0.352
"B18+AC0-2",-0.945333333333331,-0.820999999999998,0.615000000000002,0.652166666666666,-5.68766666666666,0.241
"B18+AC0-2",-0.901333333333331,-0.967999999999998,0.833000000000002,NA,-5.35866666666666,0.349
"B19+AC0-2",NA,0.135666666666667,0.263666666666667,3.04166666666666,-3.21966666666667,NA
"B19+AC0-2",-0.127333333333336,-0.049333333333335,0.0416666666666654,NA,-3.33166666666667,-2.812
"B19+AC0-2",-0.423333333333336,NA,-0.0513333333333346,3.78266666666666,-3.41366666666667,-2.806
"B20+AC0-2",0.394666666666666,0.844666666666665,0.0443333333333336,0.279,-2.818,-0.367666666666668
"B20+AC0-2",0.870666666666665,0.404666666666667,-0.063666666666667,0.641999999999999,-2.784,0.147333333333332
"B20+AC0-2",0.592666666666666,0.271666666666668,-0.172666666666667,-0.262000000000004,-2.819,-0.542666666666666
"B21+AC0-2",0.237999999999998,0.720666666666667,0.122999999999999,0.865333333333336,1.743,0.523999999999997
"B21+AC0-2",1.089,0.165666666666664,-0.0420000000000016,1.00733333333333,1.501,-0.0980000000000025
"B21+AC0-2",NA,-0.349333333333333,-0.00900000000000212,1.51433333333333,1.625,0.0799999999999983
"B22+AC0-2",-2.51933333333334,0.0880000000000005,0.0440000000000011,-2.70366666666667,-1.735,1.54166666666666
"B22+AC0-2",-2.76933333333334,-0.0459999999999998,-0.074000000000001,-1.46566666666667,-1.798,2.01566666666666
"B22+AC0-2",-3.06133333333334,-0.186999999999998,-0.137,-3.04166666666667,-1.588,2.85466666666667
"B23+AC0-2",0.826666666666664,0.956666666666667,-0.730666666666667,-1.86433333333333,1.788,8.574
"B23+AC0-2",0.794666666666661,1.00266666666667,-0.545666666666668,-2.37133333333333,1.741,8.81399999999999
"B23+AC0-2",-0.344333333333335,0.923666666666665,-0.535666666666668,-2.76033333333334,1.583,NA
"B24+AC0-2",0.617666666666668,-0.725333333333332,-0.0493333333333332,0.43933333333333,-2.95366666666667,-0.922333333333333
"B24+AC0-2",1.12666666666667,-0.917333333333333,-0.0443333333333324,-1.01966666666667,-3.01466666666667,-0.757333333333333
"B24+AC0-2",-0.571333333333332,-1.02833333333333,0.0396666666666672,-1.15566666666667,-3.24166666666667,0.382666666666667
"B25+AC0-2",0.0370000000000026,-0.210666666666665,0.147333333333335,NA,-0.198999999999998,-2.43
"B25+AC0-2",0.553999999999998,-0.0816666666666674,0.307333333333333,1.20783333333333,-0.105,-2.792
"B25+AC0-2",-1.39,-0.263666666666666,0.155333333333334,1.02383333333334,-0.286999999999999,-2.181
"B26+AC0-2",-1.37666666666667,0.453999999999999,0.191999999999998,3.44066666666666,-7.469,-7.81533333333334
"B26+AC0-2",-1.65666666666667,0.385999999999998,0.197999999999999,2.12466666666667,-7.421,-7.53533333333334
"B26+AC0-2",-1.91066666666667,0.327,0.245999999999999,NA,-7.655,NA
"B27+AC0-2",0.241666666666667,0.613999999999999,-0.145333333333333,NA,-2.42066666666667,0.0806666666666667
"B27+AC0-2",0.317666666666668,0.667,-0.310333333333332,1.59,-2.44066666666667,0.0206666666666679
"B27+AC0-2",-0.994333333333332,0.528000000000001,-0.241333333333333,2.007,-2.74866666666667,0.450666666666668
"B28+AC0-2",0.864333333333333,0.183666666666664,-0.450666666666667,0.378666666666664,-3.574,2.347
"B28+AC0-2",1.02833333333333,0.0146666666666657,-0.520666666666667,NA,-3.505,2.255
"B28+AC0-2",0.0233333333333317,-0.0893333333333353,-0.357666666666667,1.20366666666667,-3.611,2.92
"B29+AC0-2",2.01266666666666,0.0189999999999997,-0.323666666666667,5.31466666666667,8.35566666666666,NA
"B29+AC0-2",1.19466666666667,0.0140000000000007,-0.304666666666667,5.17566666666667,8.33866666666666,3.56683333333334
"B29+AC0-2",1.32766666666667,-0.107999999999999,-0.218666666666667,NA,8.67266666666666,3.56683333333334
"B30+AC0-2",-0.422000000000001,-0.932,0.458999999999999,NA,-4.58766666666667,1.099
"B30+AC0-2",-0.225000000000002,-0.682999999999999,0.854,0.659500000000005,-3.93166666666667,1.96
"B30+AC0-2",-0.489000000000002,-0.817,0.743,-0.0794999999999995,-3.89666666666667,2.005
"C1+AC0-2",2.23833333333334,0.675000000000001,-0.141999999999999,2.65283333333334,2.92866666666667,-0.695166666666672
"C1+AC0-2",1.77033333333333,0.478000000000002,-0.250999999999999,NA,2.97266666666667,1.21983333333333
"C1+AC0-2",1.27733333333333,0.381,-0.325999999999999,1.17783333333334,2.90866666666667,-0.172166666666669
"C2+AC0-2",2.31133333333333,0.628666666666666,0.621333333333334,NA,3.82133333333333,2.22666666666667
"C2+AC0-2",1.85233333333333,0.187666666666667,0.308333333333333,7.04966666666667,4.15533333333333,2.65866666666667
"C2+AC0-2",1.77133333333333,-0.217333333333334,0.0963333333333332,6.89066666666667,3.53733333333333,0.927666666666674
"C3+AC0-2",9.74666666666667,0.435666666666668,2.235,-6.52,-5.906,6.14766666666666
"C3+AC0-2",9.83066666666667,0.0376666666666678,1.869,-6.94,-5.79,NA
"C3+AC0-2",9.61666666666667,0.000666666666665261,1.776,-7.106,-5.592,6.99966666666667
"C4+AC0-2",-2.78933333333333,-0.410666666666668,0.242666666666668,NA,0.319333333333334,-0.965333333333332
"C4+AC0-2",-2.97933333333333,-0.659666666666666,0.0336666666666681,2.528,0.540333333333334,-1.05133333333333
"C4+AC0-2",-2.97533333333333,-0.647666666666668,0.187666666666668,1.325,0.561333333333335,-0.947333333333331
"C5+AC0-2",-6.66966666666666,-0.423333333333333,0.542333333333334,2.03083333333334,-0.586999999999998,-7.67416666666667
"C5+AC0-2",-6.93266666666666,-0.691333333333332,0.378333333333334,2.72683333333334,0.106,-7.72616666666667
"C5+AC0-2",-6.94466666666666,-0.733333333333332,0.222333333333333,NA,0.0790000000000024,-7.62116666666667
"C6+AC0-2",-2.263,-0.625999999999999,0.458333333333334,0.893000000000004,0.578666666666668,-0.604333333333329
"C6+AC0-2",-2.218,-0.807999999999997,0.00533333333333275,1.359,0.785666666666669,-0.604333333333329
"C6+AC0-2",-2.661,-0.933999999999998,0.00833333333333286,1.096,0.697666666666668,-0.604333333333329
"C7+AC0-2",0.718999999999998,1.261,0.105666666666666,0.794499999999996,1.311,-0.718
"C7+AC0-2",NA,0.980000000000001,-0.635333333333334,NA,1.792,-0.718
"C7+AC0-2",0.614999999999998,1.039,-0.598333333333333,2.0195,1.124,-0.718
"C8+AC0-2",6.49933333333333,0.633,-0.0259999999999987,0.0873333333333335,2.12133333333333,0.129
"C8+AC0-2",6.52233333333333,0.409,-0.224999999999999,1.13133333333334,2.26333333333333,0.237
"C8+AC0-2",5.63633333333333,0.124000000000002,-0.197999999999999,1.83833333333334,2.66233333333333,0.526999999999999
"C9+AC0-2",-0.345666666666668,0.320666666666666,-0.121,-1.889,1.37033333333333,1.24966666666667
"C9+AC0-2",-0.304666666666668,-0.176333333333334,-0.103000000000001,-0.347999999999999,1.71733333333333,1.24966666666667
"C9+AC0-2",-0.333666666666668,0.0166666666666653,-0.297,-0.863999999999997,1.72433333333333,NA
"C10+AC0-2",-3.93333333333333,0.00866666666666482,0.492999999999998,-1.74816666666667,-0.761666666666668,-1.90366666666667
"C10+AC0-2",-4.17733333333334,-0.673333333333334,0.456999999999998,-0.583166666666667,-0.536666666666667,-2.23266666666667
"C10+AC0-2",-4.15933333333334,-0.669333333333334,0.422999999999999,-0.495166666666673,-1.08966666666667,-2.02966666666667
"C11+AC0-2",7.253,1.20733333333333,-0.252666666666666,-2.839,0.690333333333333,NA
"C11+AC0-2",7.472,0.543333333333333,-0.337666666666665,-2.917,1.14633333333333,-1.356
"C11+AC0-2",7.208,0.312333333333333,-0.343666666666665,NA,1.15933333333333,-1.437
"C12+AC0-2",6.13066666666667,-0.628333333333334,0.137333333333331,NA,1.509,1.24633333333333
"C12+AC0-2",5.49666666666667,-0.981333333333334,-0.0586666666666684,2.85266666666667,1.891,0.901333333333334
"C12+AC0-2",5.79266666666667,-0.999333333333334,-0.0556666666666683,3.71866666666667,1.92,0.661333333333332
"C13+AC0-2",1.40133333333333,-0.428666666666665,0.734333333333335,-1.94366666666666,-0.925666666666666,-1.688
"C13+AC0-2",0.502333333333333,-1.09166666666667,0.683333333333335,-1.88666666666666,-0.885666666666666,-1.991
"C13+AC0-2",0.635333333333335,-1.09766666666667,0.617333333333334,-2.99466666666666,-0.793666666666668,-2.098
"C14+AC0-2",-0.570333333333334,0.0579999999999994,-0.173333333333332,2.10866666666667,6.13333333333333,-4.51566666666667
"C14+AC0-2",-0.835333333333335,-0.0119999999999991,-0.164333333333333,2.81266666666667,5.95933333333333,-4.58866666666667
"C14+AC0-2",0.579666666666665,0.438,-0.144333333333332,2.29966666666667,6.03433333333333,-4.78466666666667
"C15+AC0-2",1.457,1.63833333333333,-0.506333333333333,-2.66,1.31633333333333,-0.569166666666671
"C15+AC0-2",1.796,1.53733333333333,-0.524333333333334,-2.105,0.620333333333333,NA
"C15+AC0-2",2.761,2.03133333333333,-0.206333333333334,-3.646,0.915333333333335,-1.21616666666667
"C16+AC0-2",0.432,-0.549333333333335,0.0753333333333326,-4.81333333333334,-2.61933333333333,NA
"C16+AC0-2",-0.345000000000001,-0.698333333333334,-0.192666666666666,-3.73433333333334,-2.73933333333333,-0.088666666666672
"C16+AC0-2",0.328999999999999,-0.461333333333334,-0.222666666666667,-3.85333333333334,-2.59333333333333,-0.90966666666667
"C17+AC0-2",1.361,1.514,-0.321333333333332,NA,3.222,0.669333333333331
"C17+AC0-2",1.406,1.322,-0.312333333333332,2.018,2.967,NA
"C17+AC0-2",1.951,1.615,-0.239333333333332,1.352,3.318,0.335333333333335
"C18+AC0-2",0.372333333333332,0.232666666666668,-0.269666666666665,NA,-0.419999999999998,-2.02233333333333
"C18+AC0-2",-0.0616666666666656,0.395666666666668,-0.381666666666665,2.43133333333333,-0.649999999999999,-2.27333333333333
"C18+AC0-2",0.761333333333335,0.365666666666667,-0.487666666666665,3.26433333333333,-0.815999999999999,-2.31433333333333
"C19+AC0-2",0.164999999999996,0.230000000000001,-0.171,5.47333333333333,1.25466666666667,-0.337
"C19+AC0-2",0.0410000000000004,0.136,-0.451,4.02733333333333,0.686666666666671,-0.547999999999998
"C19+AC0-2",0.852999999999998,0.576000000000001,-0.190000000000001,5.00533333333334,1.07366666666666,-0.649999999999999
"C20+AC0-2",-4.65266666666667,-0.549999999999998,0.833000000000001,NA,-2.10533333333333,-2.64066666666666
"C20+AC0-2",-5.21366666666667,-0.521999999999999,0.597000000000001,1.87233333333334,-2.17933333333333,-2.80366666666667
"C20+AC0-2",NA,-0.824999999999998,0.383,-0.893666666666668,-2.04933333333333,NA
"C21+AC0-2",4.85733333333334,0.213666666666665,-0.0776666666666681,-3.94216666666667,1.06166666666667,-0.423666666666666
"C21+AC0-2",5.60633333333333,0.232666666666664,-0.415666666666667,-3.36816666666666,0.980666666666666,-0.423666666666666
"C21+AC0-2",6.73233333333334,0.152666666666665,-0.511666666666667,NA,1.25166666666667,-0.423666666666666
"C23+AC0-2",0.526000000000001,0.736000000000001,-0.0783333333333338,1.909,0.719333333333335,-1.04233333333333
"C23+AC0-2",-0.0189999999999975,0.666000000000001,-0.244333333333334,1.175,0.700333333333333,-0.979333333333335
"C23+AC0-2",-0.0229999999999988,0.614000000000001,-0.412333333333333,1.568,0.837333333333333,-0.877333333333334
"C24+AC0-2",0.893333333333333,-1.18433333333333,1.54233333333333,-1.20166666666667,0.823666666666666,-1.93466666666666
"C24+AC0-2",0.421333333333331,-1.41733333333333,0.561333333333334,NA,0.430666666666665,-0.606666666666662
"C24+AC0-2",0.761333333333331,-1.48033333333333,0.433333333333334,-0.715666666666664,0.654666666666666,-1.18666666666667
"C25+AC0-2",-2.68083333333333,-0.624666666666666,0.200666666666667,0.233666666666675,-1.81766666666667,-0.222666666666667
"C25+AC0-2",-2.89083333333333,-0.621666666666666,-0.145333333333333,NA,-2.08866666666667,-0.415666666666665
"C25+AC0-2",-2.13983333333333,-0.740666666666666,-0.289333333333333,-0.0773333333333248,-1.80266666666667,-0.0936666666666657
"C26+AC0-2",-6.03966666666667,-1.50466666666666,0.356,-1.4005,-2.491,-1.164
"C26+AC0-2",-5.99966666666667,-1.52466666666666,0.415000000000001,-1.4335,-2.643,NA
"C26+AC0-2",-6.01266666666667,-1.75066666666667,0.283000000000001,-1.4125,-2.641,-1.274
"C27+AC0-2",9.592,0.167,0.145666666666667,-4.50716666666666,0.198333333333334,-7.81066666666666
"C27+AC0-2",8.772,0.151,0.160666666666668,-4.40216666666666,-0.0326666666666675,-7.65466666666667
"C27+AC0-2",8.895,0.00399999999999956,0.0576666666666679,-4.16516666666666,-0.00166666666666515,-7.60766666666667
"C28+AC0-2",-2.92533333333334,0.708666666666666,-0.00500000000000012,3.9835,2.82966666666667,0.894999999999996
"C28+AC0-2",-2.59333333333334,0.696666666666665,0.0899999999999987,4.3855,2.60566666666667,0.894999999999996
"C28+AC0-2",-2.96633333333333,0.410666666666666,-0.00899999999999967,NA,2.30666666666667,0.894999999999996
"C29+AC0-2",0.312666666666665,-0.575000000000001,0.630666666666666,NA,0.528333333333332,-2.3295
"C29+AC0-2",0.151666666666667,-0.772,0.618666666666666,1.118,-0.103666666666665,-0.5045
"C29+AC0-2",-0.0683333333333316,-0.606,0.623666666666667,2.26,0.0623333333333314,-0.761500000000005
"C30+AC0-2",1.992,-0.0720000000000005,-0.00933333333333408,-0.0391666666666666,-2.73666666666667,-0.317333333333332
"C30+AC0-2",1.166,-0.0670000000000015,-0.0293333333333337,0.633833333333335,-3.13566666666667,-0.305333333333332
"C30+AC0-2",0.830999999999998,-0.169,-0.0473333333333343,0.536833333333334,-2.95266666666667,-0.300333333333333
"A1+AC0-3",-3.55233333333333,-0.383666666666668,0.683666666666667,-1.33933333333333,-1.40033333333334,1.41516666666667
"A1+AC0-3",-3.70633333333333,-0.828666666666668,0.755666666666668,NA,-0.351333333333333,2.69216666666666
"A1+AC0-3",NA,-0.182666666666667,0.803666666666667,0.194666666666667,-1.34033333333333,0.673166666666665
"A2+AC0-3",3.22666666666667,-0.788666666666667,-0.171666666666667,-3.54416666666667,-2.90916666666667,3.16333333333333
"A2+AC0-3",2.51166666666667,-0.811666666666667,1.08133333333333,-2.49716666666666,NA,NA
"A2+AC0-3",3.68066666666666,-0.314666666666667,-0.0836666666666663,-3.82216666666667,-2.90216666666667,2.73033333333333
"A3+AC0-3",-1.71833333333333,1.25633333333333,-0.527333333333334,0.539333333333332,-1.316,0.293333333333333
"A3+AC0-3",-1.79033333333333,0.823333333333333,-0.614333333333333,0.628333333333337,-1.702,0.293333333333333
"A3+AC0-3",-0.655333333333331,1.74033333333333,-0.427333333333334,1.87233333333334,-0.754000000000001,0.293333333333333
"A4+AC0-3",1.50633333333333,-0.294333333333334,0.0640000000000005,-1.809,1.10266666666667,NA
"A4+AC0-3",-0.771666666666665,-1.51933333333333,-1.485,-2.34,-1.68433333333333,-0.865333333333336
"A4+AC0-3",1.64833333333333,0.0416666666666643,-0.217,-0.536999999999999,0.274666666666666,1.14166666666666
"A5+AC0-3",4.46066666666667,-0.217333333333329,0.49666666666667,NA,-2.83999999999999,-1.043
"A5+AC0-3",6.23966666666667,0.904666666666671,1.49766666666667,-0.429666666666662,-3.438,-3.586
"A5+AC0-3",4.90766666666667,-0.223333333333329,0.295666666666669,-0.429666666666662,-4.906,-3.691
"A6+AC0-3",2.71166666666666,0.508666666666663,0.416999999999998,8.282,-0.957333333333334,0.116666666666667
"A6+AC0-3",1.10266666666666,-0.212333333333335,-0.236000000000002,8.937,-1.24533333333333,-0.356333333333335
"A6+AC0-3",1.33966666666666,0.359666666666666,0.360999999999999,7.335,-0.632333333333334,0.925666666666665
"A7+AC0-3",-4.41566666666667,1.68533333333333,0.305666666666667,1.11333333333333,-2.38633333333333,0.912666666666667
"A7+AC0-3",-5.42766666666667,0.202333333333333,-0.979333333333334,0.147333333333332,-3.46533333333333,0.912666666666667
"A7+AC0-3",-4.51566666666667,1.79733333333333,0.300666666666666,1.51233333333333,-1.79033333333333,0.104666666666667
"A8+AC0-3",-0.549333333333333,0.757333333333333,0.0379999999999978,4.02833333333333,0.890000000000001,1.95233333333333
"A8+AC0-3",-2.19433333333334,0.517333333333331,-0.141000000000001,NA,1.306,2.17333333333333
"A8+AC0-3",-2.27233333333333,0.619333333333331,0.104,6.87533333333333,1.286,6.71733333333333
"A9+AC0-3",8.64966666666666,-0.457666666666666,0.471666666666668,-3.87,-1.382,-0.683
"A9+AC0-3",7.43266666666666,-1.15666666666667,0.250666666666667,-2.341,-1.248,-0.683
"A9+AC0-3",8.42866666666666,-0.734666666666667,0.372666666666667,-2.726,-0.905999999999999,-0.683
"A10+AC0-3",-3.52566666666667,-0.278333333333332,0.0966666666666665,-3.65766666666667,-1.82966666666667,2.71966666666666
"A10+AC0-3",-3.93966666666667,-0.758333333333332,-0.183333333333335,-3.31466666666667,-1.90166666666667,3.85766666666667
"A10+AC0-3",-4.21766666666666,-0.537333333333332,0.189666666666666,-3.54766666666667,-1.92066666666667,3.10266666666666
"A11+AC0-3",-0.137,0.506666666666666,-0.928333333333333,0.159333333333333,5.36633333333333,1.696
"A11+AC0-3",-1.509,-0.687333333333333,-1.90733333333333,0.377333333333336,4.80033333333333,1.696
"A11+AC0-3",0.738999999999997,1.20766666666667,-0.653333333333332,1.35333333333334,5.98233333333333,1.696
"A12+AC0-3",5.854,-1.12366666666667,1.15366666666667,4.21933333333333,1.24833333333333,NA
"A12+AC0-3",5.395,-1.70566666666667,0.847666666666666,2.87433333333333,1.12933333333333,15.9796666666667
"A12+AC0-3",5.935,-1.25966666666667,1.58666666666666,3.89233333333333,1.95233333333333,15.9796666666667
"A13+AC0-3",0.749333333333336,0.178666666666667,-0.0146666666666657,2.565,-0.0139999999999993,0.502666666666666
"A13+AC0-3",-0.947666666666668,-0.956333333333331,-0.725666666666666,0.838999999999999,-0.864000000000001,-0.174333333333333
"A13+AC0-3",1.26433333333333,0.101666666666668,-0.0476666666666652,1.662,0.850999999999999,0.58666666666667
"A14+AC0-3",-0.538666666666668,-0.013333333333335,0.255333333333333,-1.27,1.90033333333333,1.78416666666667
"A14+AC0-3",-0.246666666666666,-0.279333333333333,-0.322666666666666,-1.15,2.02933333333333,1.98016666666667
"A14+AC0-3",0.156333333333336,-0.135333333333335,-0.0546666666666671,-1.463,2.16933333333333,2.88916666666667
"A15+AC0-3",-1.72666666666666,0.208,0.0493333333333357,0.628000000000004,-0.119999999999999,-0.287333333333329
"A15+AC0-3",-0.786666666666665,-0.152999999999997,-0.438666666666666,-0.898999999999997,0.325000000000001,0.791666666666671
"A15+AC0-3",-1.65166666666667,-0.401999999999999,-0.416666666666665,NA,-0.179999999999998,-0.80233333333333
"A16+AC0-3",0.526666666666666,0.286000000000001,0.768333333333334,4.28866666666666,-0.699000000000001,1.904
"A16+AC0-3",-0.112333333333334,0.0690000000000002,0.444333333333334,-0.746333333333332,-0.861999999999997,3.242
"A16+AC0-3",-0.0983333333333345,0.187,0.258333333333334,-0.471333333333334,-0.999999999999999,1.949
"A17+AC0-3",-8.3435,-0.829999999999998,0.1125,2.79500000000001,-1.929,-0.865833333333331
"A17+AC0-3",-8.4895,-1.053,0.00450000000000106,3.01,-1.897,-2.30583333333333
"A17+AC0-3",NA,NA,NA,NA,-1.26,0.165166666666668
"A18+AC0-3",6.96433333333333,0.508333333333331,0.0828333333333315,3.85733333333333,0.957333333333333,-0.274666666666668
"A18+AC0-3",8.04433333333333,0.244333333333332,0.129833333333332,4.95833333333333,0.937333333333333,-0.274666666666668
"A18+AC0-3",NA,NA,0.324833333333332,4.75033333333333,1.40233333333333,-0.274666666666668
"A19+AC0-3",0.433833333333332,1.60633333333334,0.339333333333336,6.71433333333334,0.955833333333338,2.51883333333334
"A19+AC0-3",-0.541166666666669,1.58333333333334,0.291333333333336,4.84333333333334,1.18383333333334,0.804833333333338
"A19+AC0-3",NA,0.527333333333335,0.471333333333337,5.98433333333334,1.17383333333334,1.91083333333333
"A20+AC0-3",-4.23133333333333,-1.04683333333333,1.55516666666667,-2.9405,-3.48516666666666,8.0455
"A20+AC0-3",-3.86933333333333,-1.04683333333333,0.883166666666666,-2.8875,-3.49316666666666,8.0455
"A20+AC0-3",NA,NA,NA,NA,NA,NA
"A21+AC0-3",-0.0583333333333336,1.24066666666667,-0.0226666666666648,-0.516333333333336,-3.21733333333333,3.17716666666666
"A21+AC0-3",0.0896666666666661,1.09666666666667,-0.182666666666665,NA,-3.66233333333333,3.17716666666666
"A21+AC0-3",NA,-0.342333333333332,-1.01366666666667,-2.02733333333333,-3.72333333333333,NA
"A22+AC0-3",-5.05483333333333,-0.718333333333332,-0.166666666666665,2.05733333333333,-4.57583333333333,-7.67733333333333
"A22+AC0-3",-4.88683333333333,-0.589333333333332,0.490333333333335,2.86233333333333,-4.63983333333333,-7.36433333333333
"A22+AC0-3",-5.17183333333333,-0.880333333333333,0.161333333333334,0.904333333333334,-4.72983333333333,-7.40733333333333
"A23+AC0-3",-0.976333333333333,0.0266666666666668,0.628666666666668,-3.32633333333333,-2.07833333333333,0.400666666666664
"A23+AC0-3",-0.237333333333332,-0.337333333333332,0.698666666666668,-3.11333333333333,-2.30233333333333,0.875666666666666
"A23+AC0-3",-1.57733333333333,-0.894333333333333,0.402666666666667,-2.53933333333333,-2.58133333333333,0.493666666666664
"A24+AC0-3",-4.21333333333333,-1.14733333333333,0.326666666666666,-0.515666666666675,-0.337333333333337,-5.251
"A24+AC0-3",-3.79733333333333,-1.44333333333333,0.204666666666666,-1.52566666666667,-0.329333333333334,-5.714
"A24+AC0-3",-4.33733333333334,-1.52033333333333,0.0806666666666658,-0.20066666666667,-0.631333333333334,-6.016
"A25+AC0-3",0.451000000000001,1.24266666666666,0.250333333333333,-1.77133333333333,1.09633333333333,-1.6
"A25+AC0-3",1.072,1.21666666666667,0.267333333333332,-0.941333333333329,1.19233333333333,-1.348
"A25+AC0-3",-0.0249999999999986,0.717666666666666,-0.304666666666667,-1.21533333333333,0.730333333333332,-1.878
"A26+AC0-3",-2.48683333333334,1.036,0.441,1.19316666666667,-1.02433333333333,0.601666666666667
"A26+AC0-3",-2.45783333333333,0.710999999999999,0.00800000000000023,1.04516666666667,-1.41733333333333,0.601666666666667
"A26+AC0-3",-2.94683333333333,0.413,-0.148,NA,-1.30133333333333,0.601666666666667
"A27+AC0-3",-0.329333333333333,NA,-0.405999999999999,0.673333333333336,-1.12166666666666,0.169333333333334
"A27+AC0-3",-0.113333333333332,2.51366666666667,NA,NA,NA,0.169333333333334
"A27+AC0-3",0.0566666666666666,1.21366666666667,4.178,7.29933333333334,4.80033333333333,0.169333333333334
"A28+AC0-3",NA,NA,NA,0.408166666666666,-18.1455,-1.8235
"A28+AC0-3",NA,NA,NA,0.408166666666666,NA,NA
"A28+AC0-3",2.41216666666667,-3.379,-25.9685,-7.05683333333334,-19.3485,-1.3325
"A29+AC0-3",1.00266666666667,NA,NA,NA,NA,NA
"A29+AC0-3",1.12766666666667,0.643166666666668,0.526666666666667,0.354666666666667,-1.77583333333333,-0.907333333333334
"A29+AC0-3",0.897666666666666,0.175166666666668,-0.00933333333333231,-0.902333333333331,-2.14183333333333,-2.00433333333334
"A30+AC0-3",NA,NA,NA,NA,NA,NA
"A30+AC0-3",2.35866666666667,0.0636666666666681,0.565166666666667,1.36066666666667,0.999166666666666,6.26616666666667
"A30+AC0-3",1.97866666666667,-0.0303333333333331,1.24516666666667,1.46266666666666,0.0851666666666677,5.58016666666667
"B1+AC0-3",4.08033333333333,-0.399666666666665,-0.0749999999999982,-4.982,-0.973666666666666,0.35766666666667
"B1+AC0-3",4.11733333333334,-0.518666666666665,0.109000000000001,-6.186,-1.78366666666667,-0.180333333333333
"B1+AC0-3",3.14233333333334,-0.284666666666665,0.747000000000001,-5.673,-2.78066666666667,0.183666666666671
"B2+AC0-3",0.211000000000002,-1.16133333333333,-0.495999999999999,-1.3185,-3.786,1.1515
"B2+AC0-3",0.0289999999999999,-1.50733333333333,0.454000000000002,-1.8995,-3.692,1.1165
"B2+AC0-3",-1.203,-1.43133333333333,0.00300000000000122,NA,-3.439,1.2865
"B3+AC0-3",-3.4545,-0.707000000000002,-0.222333333333334,-4.49000000000001,-1.89633333333333,NA
"B3+AC0-3",NA,-0.744000000000001,-0.331333333333334,-4.79800000000001,-2.30833333333333,9.05766666666666
"B3+AC0-3",-4.1695,-0.0389999999999988,-0.613333333333334,NA,-2.00933333333333,9.05766666666666
"B4+AC0-3",-0.00066666666666837,0.0469999999999975,0.952000000000001,NA,0.434666666666667,-1.766
"B4+AC0-3",-0.428666666666666,-0.422,-0.0150000000000017,6.22133333333333,0.219666666666667,-0.952999999999999
"B4+AC0-3",-0.563666666666667,-0.503,-0.154999999999999,6.10033333333333,0.0416666666666661,-0.952999999999999
"B5+AC0-3",-6.095,-0.892833333333334,-1.13066666666667,-3.20483333333333,0.808,NA
"B5+AC0-3",-4.991,22.9701666666667,24.8163333333333,NA,NA,-5.68366666666666
"B5+AC0-3",-6.075,-0.804833333333333,-0.124666666666668,-3.19883333333333,0.469999999999999,-5.84966666666667
"B6+AC0-3",-2.54633333333334,-0.807333333333332,0.258333333333332,0.990666666666666,1.212,2.25566666666667
"B6+AC0-3",-1.17933333333334,-0.727333333333334,0.280333333333333,1.04466666666667,1.172,2.25566666666667
"B6+AC0-3",-2.46333333333333,-0.818333333333332,0.281333333333332,0.819666666666667,1.11,1.55466666666667
"B7+AC0-3",-0.46233333333333,0.684666666666665,0.0736666666666672,1.36166666666666,-4.78466666666666,-2.08466666666667
"B7+AC0-3",1.20666666666667,0.415666666666667,-0.0643333333333327,2.15166666666667,-5.00266666666666,-2.09066666666667
"B7+AC0-3",0.508666666666674,0.190666666666666,-0.266333333333333,2.65966666666667,-5.04566666666667,-2.28066666666667
"B8+AC0-3",-2.31466666666666,0.204666666666669,0.307333333333334,-4.732,-7.189,NA
"B8+AC0-3",-1.03866666666667,0.104666666666667,0.176333333333336,NA,-7.49,-0.838333333333335
"B8+AC0-3",-1.09366666666667,-0.134333333333334,-0.0026666666666646,-4.48099999999999,-7.41,-2.41333333333333
"B9+AC0-3",-1.34433333333333,-0.0399999999999991,0.395333333333334,NA,-1.97133333333333,5.17566666666667
"B9+AC0-3",-0.446333333333335,-0.372999999999999,0.269333333333335,0.064500000000006,-2.04433333333333,5.14066666666667
"B9+AC0-3",-0.831333333333337,-0.395,0.172333333333334,0.139500000000002,-2.04933333333333,5.12466666666667
"B10+AC0-3",-2.601,-0.601000000000001,0.195333333333333,-9.3695,-1.95966666666667,-0.0600000000000023
"B10+AC0-3",-2.227,-0.887000000000002,-0.141666666666667,-9.4275,-2.16066666666667,-0.0600000000000023
"B10+AC0-3",-1.988,-0.840000000000002,-0.051666666666667,-9.3535,-1.88566666666667,-0.0600000000000023
"B11+AC0-3",-0.359333333333332,-0.45266666666667,-1.196,NA,-1.97333333333333,0.704333333333331
"B11+AC0-3",0.643666666666668,0.0393333333333312,-0.444000000000002,-0.777666666666665,-0.981333333333332,1.59733333333333
"B11+AC0-3",-0.610333333333337,-0.0196666666666663,-0.422000000000001,-0.545666666666666,-1.08733333333333,1.05233333333333
"B12+AC0-3",-0.810000000000002,0.456999999999999,-0.329,-5.7275,0.633666666666667,-2.2965
"B12+AC0-3",0.387999999999998,0.0489999999999982,-0.417,-5.1565,0.535666666666665,-2.3945
"B12+AC0-3",0.266999999999999,-0.152000000000002,-0.646,-5.3395,0.444666666666667,-1.4185
"B13+AC0-3",-1.304,0.0383333333333318,-0.188333333333334,NA,4.15633333333333,-0.974000000000002
"B13+AC0-3",-0.614000000000001,-0.275666666666668,-0.369333333333334,-6.576,4.04433333333333,-1.347
"B13+AC0-3",0.223000000000003,-0.207666666666667,-0.383333333333335,-7.755,3.96533333333333,-1.268
"B14+AC0-3",-1.93433333333333,-1.10966666666666,-0.106999999999999,0.395500000000006,-7.28866666666667,NA
"B14+AC0-3",-2.05633333333333,-0.834666666666666,-0.206999999999999,0.079500000000003,-7.50266666666667,-0.0879999999999974
"B14+AC0-3",NA,-0.832666666666664,-0.159999999999998,1.01150000000001,-7.65466666666667,-1.667
"B16+AC0-3",0.793666666666667,-0.911666666666665,0.0189999999999995,NA,-1.892,1.158
"B16+AC0-3",1.43266666666666,-0.892666666666667,-0.00100000000000011,0.537000000000003,-1.89,1.448
"B16+AC0-3",NA,-0.927666666666667,0.0210000000000001,0.416,-2.105,1.303
"B17+AC0-3",0.460999999999999,1.071,-0.273000000000001,-1.3615,-2.25466666666667,-2.8235
"B17+AC0-3",0.379999999999999,-0.293000000000001,-0.185,-2.3485,-2.52866666666667,-2.8235
"B17+AC0-3",0.750999999999998,-0.218000000000002,0.479000000000001,-1.1235,-2.33566666666667,-2.8235
"B18+AC0-3",0.549333333333332,-1.04933333333333,0.667666666666666,-6.11016666666667,-3.905,-0.234333333333336
"B18+AC0-3",0.0543333333333313,-1.02233333333333,0.687666666666665,-6.49916666666667,-4.027,-0.327333333333335
"B18+AC0-3",0.383333333333332,-1.63933333333333,0.578666666666667,-6.49116666666667,-3.959,-0.232333333333333
"B19+AC0-3",-0.386000000000003,0.237999999999998,0.00399999999999712,1.832,-6.43533333333334,-4.83266666666667
"B19+AC0-3",-0.412000000000006,-0.166000000000002,-0.108000000000003,1.00099999999999,-6.62633333333333,-4.55966666666667
"B19+AC0-3",-0.590000000000003,-0.206000000000001,-0.343000000000002,0.658999999999995,-6.66333333333333,NA
"B20+AC0-3",-1.71133333333333,-0.464333333333334,-0.283666666666666,-1.057,0.078000000000003,-1.00966666666667
"B20+AC0-3",-1.38433333333333,-0.680333333333332,-0.344666666666666,-0.762999999999998,0.152000000000001,-1.15566666666667
"B20+AC0-3",-2.03533333333334,-0.860333333333331,-0.444666666666667,-1.93,0.00200000000000244,-2.49566666666666
"B21+AC0-3",0.213499999999998,-0.332833333333333,1.4165,-2.03216666666667,-3.2015,6.5875
"B21+AC0-3",-0.0615000000000006,-0.363833333333335,0.4855,-1.57416666666667,-3.2655,8.1115
"B21+AC0-3",NA,NA,NA,NA,NA,NA
"B22+AC0-3",-0.463666666666668,-0.858333333333331,0.209666666666668,-4.202,-1.04533333333333,3.62533333333333
"B22+AC0-3",-1.60966666666667,-0.919333333333331,-0.0133333333333312,-4.448,-1.17133333333333,3.30833333333333
"B22+AC0-3",-0.986666666666668,-0.885333333333332,-0.00333333333333141,-4.486,-0.907333333333332,4.60433333333333
"B23+AC0-3",0.640999999999995,0.757999999999999,-0.706333333333334,NA,-0.898666666666669,8.79133333333333
"B23+AC0-3",0.143999999999995,0.703999999999998,-0.742333333333334,1.478,-0.952666666666667,7.72733333333333
"B23+AC0-3",-0.00100000000000122,0.668999999999998,-0.564333333333334,2.539,-1.04166666666667,8.47733333333333
"B24+AC0-3",2.24033333333334,-0.772666666666665,-0.126666666666667,NA,-7.319,1.03333333333333
"B24+AC0-3",1.96233333333334,-1.08066666666667,-0.277666666666667,0.904000000000003,-7.35,0.964333333333332
"B24+AC0-3",NA,-1.14966666666667,-0.285666666666666,0.863999999999997,-7.53,1.52933333333333
"B25+AC0-3",-3.437,0.496333333333336,-0.344666666666666,NA,-3.067,0.364000000000001
"B25+AC0-3",-3.039,-0.0206666666666675,-0.498666666666666,1.71083333333334,-3.002,-0.0700000000000003
"B25+AC0-3",-3.624,0.0203333333333329,-0.392666666666666,1.45983333333334,-3.186,0.591000000000001
"B26+AC0-3",0.706666666666665,-0.269666666666667,0.107333333333333,1.848,-9.49766666666667,-7.635
"B26+AC0-3",0.0126666666666662,-0.226666666666666,0.0293333333333337,1.279,-9.27966666666667,-7.658
"B26+AC0-3",0.144666666666668,-0.436666666666667,0.0463333333333331,0.657000000000004,-9.35966666666667,-4.375
"B27+AC0-3",-2,0.0183333333333349,0.0620000000000018,1.18433333333334,-5.21133333333333,0.700000000000002
"B27+AC0-3",-1.843,-0.450666666666666,-0.0109999999999986,3.49933333333334,-5.28933333333333,0.69
"B27+AC0-3",-2.544,-0.232666666666666,0.0800000000000025,2.28533333333334,-5.23833333333333,1.195
"B28+AC0-3",0.668000000000001,0.594333333333332,-0.606,NA,-0.380333333333333,1.08266666666667
"B28+AC0-3",0.418999999999999,0.342333333333333,-0.554,1.36533333333333,-0.454333333333334,1.23066666666667
"B28+AC0-3",-0.0879999999999992,0.538333333333335,-0.459999999999999,2.96933333333333,-0.257333333333332,1.49066666666667
"B29+AC0-3",2.98233333333333,-0.132333333333334,-0.131000000000001,5.02733333333334,4.05733333333333,1.8545
"B29+AC0-3",2.46733333333333,-0.253333333333333,-0.00500000000000012,3.03433333333334,4.18233333333333,1.8545
"B29+AC0-3",1.85833333333333,-0.322333333333335,0.0579999999999987,3.49433333333334,4.61633333333333,1.8545
"B30+AC0-3",0.828999999999998,-1.628,0.933999999999997,NA,-2.19166666666667,2.725
"B30+AC0-3",0.551999999999997,-1.517,1.28,-0.8795,-1.78066666666667,2.59599999999999
"B30+AC0-3",0.427999999999998,-1.544,1.12,0.378500000000003,-1.69466666666667,2.97099999999999
"C1+AC0-3",2.34033333333333,-0.164999999999999,0.23,-2.44416666666666,1.41366666666667,-1.90216666666667
"C1+AC0-3",1.94833333333333,-0.641,-0.157999999999999,-2.88316666666666,1.17166666666667,-1.56916666666667
"C1+AC0-3",2.22033333333333,-0.693,-0.0519999999999996,-2.97216666666667,1.22866666666667,-1.05216666666667
"C2+AC0-3",4.858,-0.148666666666669,1.061,NA,1.021,NA
"C2+AC0-3",3.358,-0.740666666666667,0.596999999999999,7.33833333333333,0.749999999999998,1.86733333333333
"C2+AC0-3",3.759,-0.683666666666669,0.799999999999998,7.14233333333333,0.874999999999998,1.86733333333333
"C3+AC0-3",10.582,0.495000000000002,-0.492666666666665,-0.871666666666666,-4.49266666666666,8.501
"C3+AC0-3",10.07,0.296000000000001,-0.409666666666665,-1.44266666666666,-4.31366666666667,NA
"C3+AC0-3",9.885,0.299000000000001,-0.448666666666666,-1.12466666666667,-4.31766666666667,9.379
"C4+AC0-3",1.08666666666667,0.237333333333332,-0.157333333333333,-0.215000000000003,0.540333333333332,1.51266666666667
"C4+AC0-3",1.29166666666666,-0.0406666666666684,-0.162333333333333,-0.643999999999998,0.722333333333334,1.27766666666667
"C4+AC0-3",1.26566666666666,-0.127666666666668,0.0196666666666669,NA,0.566333333333332,2.17966666666667
"C5+AC0-3",-4.37733333333333,-0.445,0.271666666666667,1.35116666666667,-1.32466666666667,-8.92883333333333
"C5+AC0-3",-4.73733333333333,-0.75,0.210666666666667,0.648166666666665,-1.12166666666667,-8.99083333333333
"C5+AC0-3",-4.67233333333333,-0.647,-0.129333333333333,0.931166666666666,-1.16466666666667,-8.86083333333333
"C6+AC0-3",-0.566999999999997,-1.425,0.0603333333333325,-3.422,-0.0203333333333324,-1.22633333333333
"C6+AC0-3",-0.639999999999997,-1.787,-0.00966666666666782,-3.245,-0.0123333333333333,-0.00133333333332786
"C6+AC0-3",-0.91,-1.76,0.0203333333333333,-3.046,0.0276666666666658,0.25266666666667
"C7+AC0-3",0.272666666666669,-0.087333333333333,-0.438666666666665,-3.21983333333333,-0.112333333333332,-1.07133333333333
"C7+AC0-3",0.820666666666664,-0.197333333333332,-0.408666666666665,2.41316666666667,0.00666666666666771,-1.07633333333333
"C7+AC0-3",0.807666666666666,-0.290333333333332,-0.254666666666665,2.10416666666667,0.076666666666668,-1.07133333333333
"C8+AC0-3",NA,NA,NA,NA,NA,NA
"C8+AC0-3",NA,NA,NA,NA,NA,NA
"C8+AC0-3",NA,NA,NA,NA,NA,NA
"C9+AC0-3",-0.860666666666667,-0.0343333333333349,0.400999999999999,-3.425,0.266333333333332,1.67466666666667
"C9+AC0-3",-1.40066666666667,-0.575333333333335,0.0989999999999991,-2.892,0.563333333333333,1.14366666666667
"C9+AC0-3",-1.07866666666667,-0.755333333333335,0.100999999999998,-2.923,0.609333333333332,0.930666666666667
"C10+AC0-3",-1.304,0.458999999999998,0.470333333333332,-2.45583333333334,-2.75333333333333,-1.68633333333334
"C10+AC0-3",-1.254,-0.259000000000002,0.294333333333334,NA,-2.53433333333333,-2.09133333333333
"C10+AC0-3",-1.32,-0.241999999999999,0.131333333333333,-2.00583333333334,-2.45633333333333,-1.98733333333333
"C11+AC0-3",8.52633333333333,-0.370333333333335,0.433666666666666,-6.42566666666667,-1.51433333333333,-2.86166666666667
"C11+AC0-3",8.69633333333333,-1.09833333333333,-0.0423333333333329,-5.54666666666667,-1.14433333333333,-2.86166666666667
"C11+AC0-3",8.42633333333333,-1.12433333333333,-0.0263333333333311,NA,-1.24333333333333,-2.86166666666667
"C12+AC0-3",3.225,-0.859999999999999,1.14666666666667,1.281,0.750333333333334,0.625666666666666
"C12+AC0-3",2.758,-1.747,0.194666666666665,1.366,0.304333333333332,0.694666666666665
"C12+AC0-3",2.599,-1.808,-0.088333333333334,1.984,0.359333333333332,0.537666666666665
"C13+AC0-3",1.73866666666667,0.558666666666669,0.00366666666666871,0.046666666666674,1.76666666666667,2.84133333333333
"C13+AC0-3",0.324666666666669,0.0656666666666701,-0.18133333333333,-0.874333333333325,1.46066666666667,2.54033333333333
"C13+AC0-3",0.861666666666668,-0.0333333333333301,0.16566666666667,NA,1.92966666666667,2.85833333333333
"C14+AC0-3",0.862333333333332,-0.197333333333333,-0.149666666666667,2.48933333333333,3.161,-1.57
"C14+AC0-3",0.551333333333332,-0.339333333333333,-0.198666666666666,2.40133333333333,3.141,-1.98
"C14+AC0-3",1.84133333333333,0.0576666666666674,-0.255666666666666,3.65633333333333,3.108,-2.115
"C15+AC0-3",1.28,1.35933333333333,-0.63033333333333,-0.575999999999997,-3.55466666666667,-1.06716666666667
"C15+AC0-3",1.714,0.730333333333336,-1.09833333333333,-1.947,-3.95066666666667,-1.06716666666667
"C15+AC0-3",NA,1.15033333333333,-0.956333333333331,NA,-3.67966666666667,NA
"C16+AC0-3",-3.77466666666667,-0.0530000000000004,-0.260333333333334,2.212,-1.677,NA
"C16+AC0-3",-3.76366666666667,-0.259,-0.570333333333333,1.38699999999999,-1.537,2.02266666666666
"C16+AC0-3",-3.78366666666667,0.0840000000000001,-0.351333333333333,NA,-1.457,0.846666666666664
"C17+AC0-3",0.817999999999998,0.943,0.0316666666666674,-2.476,-1.413,3.06333333333333
"C17+AC0-3",0.683999999999997,0.877000000000001,-0.0593333333333337,-3.41400000000001,-1.419,2.47033333333333
"C17+AC0-3",1.446,1.082,-0.139333333333334,-3.747,-1.431,NA
"C18+AC0-3",-0.518666666666668,-0.375333333333332,0.430333333333334,1.91533333333333,-2.545,-0.307333333333332
"C18+AC0-3",-1.09566666666667,-0.432333333333335,0.198333333333335,0.316333333333333,-2.663,-0.365333333333336
"C18+AC0-3",0.0793333333333344,-0.154333333333332,0.356333333333333,NA,-2.41,-0.424333333333333
"C19+AC0-3",-2.32066666666667,-1.56266666666666,-0.211666666666665,NA,-4.429,-0.631666666666664
"C19+AC0-3",0.71533333333333,-1.80266666666667,-0.312666666666666,-1.66533333333333,-4.714,-0.669666666666664
"C19+AC0-3",0.291333333333331,-1.61066666666667,-0.338666666666666,-2.40533333333333,-4.381,-0.675666666666665
"C20+AC0-3",-3.18166666666667,0.0600000000000018,0.229,0.936333333333337,1.64266666666667,-2.30666666666667
"C20+AC0-3",-3.67166666666667,-0.301999999999998,-0.0479999999999989,NA,1.35566666666667,-2.73566666666666
"C20+AC0-3",NA,-0.251999999999998,0.255,-0.602666666666664,1.81866666666667,NA
"C21+AC0-3",0.391666666666666,-0.967,-0.614333333333333,-9.25583333333333,-2.063,-3.58333333333333
"C21+AC0-3",0.076666666666668,-1.158,-0.617333333333334,-10.1938333333333,-2.134,-3.58333333333333
"C21+AC0-3",NA,-1.378,-0.814333333333333,-10.5948333333333,-1.868,-3.58333333333333
"C23+AC0-3",0.216,0.428999999999999,0.00966666666666538,NA,0.631333333333332,0.266666666666666
"C23+AC0-3",-0.107,0.379999999999999,-0.095333333333335,2.726,0.581333333333335,0.160666666666664
"C23+AC0-3",0.0520000000000023,0.317999999999998,-0.181333333333335,2.929,0.740333333333334,0.556666666666665
"C24+AC0-3",-2.66233333333333,-0.203,0.196666666666668,NA,2.769,-3.10633333333333
"C24+AC0-3",-2.58833333333333,-0.189999999999998,0.0736666666666685,0.735666666666663,2.601,-3.46433333333333
"C24+AC0-3",-2.22433333333333,-0.476999999999997,-0.00333333333333141,0.151666666666667,2.769,-2.96733333333333
"C25+AC0-3",-0.456166666666666,-0.136999999999999,0.0583333333333336,-4.11866666666667,-1.291,5.061
"C25+AC0-3",0.119833333333334,-0.147,-0.00166666666666693,-3.75166666666667,-1.378,4.84
"C25+AC0-3",NA,-1.125,-0.195666666666668,-4.13766666666666,-1.124,5.351
"C26+AC0-3",-5.23066666666667,-1.30166666666666,0.173999999999999,-1.2605,-0.0289999999999981,-0.207999999999995
"C26+AC0-3",-5.73366666666667,-1.26666666666666,0.257999999999999,-1.5625,-0.0379999999999985,0.101000000000003
"C26+AC0-3",-5.45266666666667,-1.35866666666667,0.274999999999999,-1.8995,-0.168999999999999,NA
"C27+AC0-3",10.4533333333333,0.292333333333334,0.0300000000000011,-4.58283333333333,-0.746333333333332,-4.21533333333333
"C27+AC0-3",10.5903333333333,0.381333333333336,0.0650000000000013,-5.13083333333333,-0.802333333333333,-3.62933333333333
"C27+AC0-3",10.3723333333333,0.248333333333333,0.011000000000001,-4.86883333333333,-0.90433333333333,-4.05133333333333
"C28+AC0-3",-2.88866666666667,0.349333333333334,0.0556666666666679,0.253166666666669,-0.791666666666666,NA
"C28+AC0-3",-2.60166666666667,0.271333333333333,0.0916666666666675,-0.931833333333334,-0.948666666666666,-0.675333333333334
"C28+AC0-3",-3.08166666666667,0.305333333333333,0.0146666666666675,NA,-0.997666666666666,-2.42233333333333
"C29+AC0-3",7.03433333333333,1.28766666666666,0.599333333333332,-0.167333333333335,-0.162000000000003,0.299166666666665
"C29+AC0-3",5.75533333333333,1.27066666666667,-0.219666666666669,0.763666666666662,-0.367000000000001,0.755166666666661
"C29+AC0-3",6.22633333333333,1.40366666666666,-0.238666666666669,1.78466666666666,-0.379000000000001,0.229166666666664
"C30+AC0-3",NA,-1.105,0.627666666666666,-4.70016666666666,-3.81966666666667,-5.23933333333333
"C30+AC0-3",-3.304,NA,0.526666666666666,-4.52216666666666,-4.27766666666667,NA
"C30+AC0-3",-3.028,-1.036,0.544666666666666,NA,-4.24466666666667,-5.22033333333333
