"","A.muc","Firmicutes","Bacteroidetes","Lactobucillius","Bifido","Parab","16S"
"A1-1","30.051","17.849","15.162","40","26.239","29.950","14.352"
"A1-1","30.485","17.825","15.658","40","29.735","33.217","14.178"
"A1-1","31.345","18.315","15.536","40","26.617","30.381","14.499"
"A1-2","28.553","17.264","14.145","39.915","21.847","25.960","13.405"
"A1-2","40","16.414","14.578","37.632","24.933","29.356","12.989"
"A1-2","28.698","17.504","14.628","39.165","22.074","26.390","13.303"
"A1-3","26.880","17.418","15.941","38.466","24.833","31.386","13.997"
"A1-3","26.726","16.973","16.013","35.391","25.882","32.663","13.939"
"A1-3","28.823","17.619","16.061","40","24.893","30.644","14.509"
"A2-1","29.218","14.542","14.188","34.674","22.831","26.726","12.477"
"A2-1","29.295","14.431","15.015","34.877","25.626","29.754","12.325"
"A2-1","29.509","15.247","15.260","37.152","22.664","26.368","12.867"
"A2-2","31.484","17.409","16.670","35.919","21.674","25.593","14.970"
"A2-2","31.630","17.231","16.915","34.995","22.335","27.532","14.819"
"A2-2","32.967","17.530","16.393","34.647","22.037","26.073","15.024"
"A2-3","34.078","15.462","16.160","32.742","21.349","31.221","14.388"
"A2-3","33.363","15.439","17.413","33.789","26.160","37.637","13.838"
"A2-3","34.532","15.936","16.248","32.464","21.356","30.788","13.975"
"A3-1","36.200","15.282","15.572","34.816","23.980","40","14.573"
"A3-1","35.388","15.118","16.474","34.857","23.488","38.252","14.219"
"A3-1","36.531","15.479","15.494","33.275","23.486","40","13.687"
"A3-2","32.981","17.549","16.749","34.351","24.576","40","14.891"
"A3-2","32.711","16.968","17.082","34.969","24.975","40","15.078"
"A3-2","33.287","17.614","17.260","35.705","24.859","40","14.967"
"A3-3","34.028","16.256","15.026","34.562","22.042","40","13.806"
"A3-3","33.956","15.823","14.939","34.651","21.656","40","13.953"
"A3-3","35.091","16.740","15.126","35.895","22.604","40","13.840"
"A4-1","28.348","40","15.591","33.056","21.233","35.731","13.504"
"A4-1","28.382","16.536","15.591","34.580","20.883","34.388","13.264"
"A4-1","28.825","16.946","15.794","34.882","21.517","36.321","13.850"
"A4-2","33.113","15.691","14.838","35.015","26.913","40","12.941"
"A4-2","31.767","15.457","14.006","33.737","24.200","40","12.962"
"A4-2","32.728","16.098","14.597","34.156","25.467","40","12.890"
"A4-3","29.840","16.262","15.538","32.179","22.129","40","12.960"
"A4-3","27.562","15.037","13.989","31.648","19.342","34.430","13.706"
"A4-3","29.982","16.598","15.257","33.451","21.301","36.437","13.398"
"A5-1","28.921","16.717","14.423","36.277","24.162","32.528","12.840"
"A5-1","26.974","15.314","13.586","35.574","20.894","30.921","13.980"
"A5-1","29.030","17.092","15.204","40","23.107","30.748","13.908"
"A5-2","35.012","15.980","15.627","40","27.530","35.147","13.997"
"A5-2","33.483","15.973","15.032","37.751","23.642","32.278","14.044"
"A5-2","33.919","16.572","16.101","40","24.469","33.072","14.276"
"A5-3","35.915","19.303","18.047","36.659","23.027","33.502","16.973"
"A5-3","37.694","20.425","19.048","40","22.429","30.959","16.307"
"A5-3","36.362","19.297","17.846","40","20.961","30.854","16.886"
"A6-1","26.472","15.082","14.496","27.918","21.914","26.336","12.953"
"A6-1","27.003","15.111","14.555","27.201","19.584","24.257","13.094"
"A6-1","26.295","15.659","14.589","28.367","19.939","24.314","12.898"
"A6-2","27.998","15.831","15.396","35.015","21.812","27.856","13.747"
"A6-2","27.416","15.775","15.586","35.676","21.492","27.715","13.956"
"A6-2","27.580","15.994","15.535","34.213","21.936","28.269","14.761"
"A6-3","29.723","16.214","15.385","36.532","19.943","25.507","13.201"
"A6-3","28.114","15.493","14.732","37.187","19.655","25.034","13.056"
"A6-3","28.351","16.065","15.329","35.585","20.268","26.316","13.952"
"A7-1","29.909","15.922","15.170","36.413","25.857","40","13.039"
"A7-1","29.209","15.451","14.566","34.955","25.862","39.334","13.911"
"A7-1","29.299","16.046","15.285","35.598","26.116","39.811","13.715"
"A7-2","27.407","15.435","14.286","34.730","22.545","39.125","12.118"
"A7-2","26.142","14.375","13.459","34.579","21.827","38.561","12.451"
"A7-2","27.061","15.408","15.097","33.469","22.719","40","12.779"
"A7-3","24.429","16.864","14.685","36.141","22.931","40","12.566"
"A7-3","23.417","15.381","13.400","35.175","21.852","40","13.112"
"A7-3","24.329","16.976","14.680","36.540","23.527","39.192","13.104"
"A8-1","31.352","15.508","13.989","31.501","20.458","26.276","11.979"
"A8-1","30.305","14.503","13.337","30.500","19.408","26.823","12.245"
"A8-1","29.613","15.441","13.870","30.512","20.641","26.394","12.220"
"A8-2","32.849","17.027","14.910","40","18.374","31.069","13.433"
"A8-2","31.492","16.848","15.426","36.815","18.842","31.889","13.618"
"A8-2","32.347","16.924","14.650","36.887","18.756","31.450","13.565"
"A8-3","32.161","18.195","16.057","37.153","23.346","30.737","14.273"
"A8-3","30.516","17.955","15.878","34.954","23.762","30.958","14.473"
"A8-3","30.438","18.057","16.123","40","23.742","35.502","14.559"
"A9-1","25.779","17.322","15.017","36.103","23.302","40","13.782"
"A9-1","25.252","17.320","14.931","38.245","23.864","40","13.512"
"A9-1","25.353","17.383","14.549","37.252","23.412","40","13.585"
"A9-2","32.416","16.176","14.990","33.396","19.441","35.608","12.806"
"A9-2","29.457","15.465","14.722","33.740","19.002","40","13.028"
"A9-2","30.521","15.991","14.659","33.918","19.413","36.748","13.279"
"A9-3","34.794","17.567","15.987","34.013","22.827","40","14.108"
"A9-3","33.577","16.868","15.766","35.542","22.961","40","14.333"
"A9-3","34.573","17.290","15.888","35.157","23.303","40","14.487"
"A10-1","26.214","16.711","14.234","32.366","25.575","29.449","11.551"
"A10-1","24.659","15.661","12.736","33.307","24.370","29.721","12.032"
"A10-1","25.141","16.473","13.484","34.041","25.367","29.920","12.831"
"A10-2","20.020","17.132","14.428","38.308","25.099","30.779","12.930"
"A10-2","19.685","16.603","14.245","34.869","24.914","32.381","13.346"
"A10-2","19.892","16.794","14.278","35.844","25.174","31.169","13.295"
"A10-3","22.394","16.585","14.163","30.162","23.856","32.998","12.774"
"A10-3","21.980","16.105","13.883","30.505","23.784","34.136","12.465"
"A10-3","21.702","16.326","14.256","30.272","23.765","33.381","12.920"
"A11-1","35.506","18.743","17.463","34.509","24.391","39.561","15.089"
"A11-1","34.693","18.496","16.525","35.527","23.768","40","15.053"
"A11-1","36.075","18.579","16.838","33.549","24.049","40","15.370"
"A11-2","30.482","16.621","14.810","36.320","21.755","40","12.607"
"A11-2","30.780","16.168","14.809","40","21.658","40","12.604"
"A11-2","30.716","16.824","14.295","37.403","21.792","40","12.910"
"A11-3","33.738","17.563","14.464","33.138","27.886","40","12.627"
"A11-3","32.366","16.369","13.485","33.356","27.320","40","13.849"
"A11-3","34.614","18.264","14.739","34.332","28.502","40","14.387"
"A12-1","27.401","16.416","14.802","32.501","20.160","23.295","12.981"
"A12-1","26.463","15.960","13.988","31.136","19.847","23.080","12.977"
"A12-1","26.674","16.418","14.615","31.219","20.175","25.323","13.478"
"A12-2","34.708","16.473","16.979","36.823","20.729","40","13.866"
"A12-2","34.005","15.809","16.254","34.386","20.476","40","14.374"
"A12-2","34.772","16.476","16.992","34.721","21.400","40","14.596"
"A12-3","32.821","15.262","15.743","35.959","21.430","35.033","12.972"
"A12-3","32.362","14.680","15.437","34.614","21.311","40","13.114"
"A12-3","32.902","15.126","16.176","35.632","22.134","40","13.713"
"A13-1","29.904","16.905","14.956","34.089","25.592","40","12.955"
"A13-1","29.206","16.034","14.397","33.029","25.359","40","13.019"
"A13-1","30.135","16.465","14.682","34.440","26.097","40","13.289"
"A13-2","29.405","16.101","14.068","33.841","22.703","39.582","12.206"
"A13-2","28.453","15.392","13.398","35.232","22.059","39.376","12.314"
"A13-2","28.956","15.791","13.896","33.843","22.351","40","12.539"
"A13-3","29.911","16.060","14.077","35.831","25.082","39.916","12.129"
"A13-3","28.214","14.925","13.366","34.105","24.232","39.239","12.400"
"A13-3","30.426","15.983","14.044","34.928","25.947","40","12.974"
"A14-1","31.376","18.090","15.581","35.457","22.436","24.906","14.083"
"A14-1","31.817","17.825","15.507","36.065","22.808","24.445","14.122"
"A14-1","31.851","17.785","15.365","35.733","22.932","27.860","14.279"
"A14-2","31.065","16.222","15.788","35.139","19.376","23.374","13.968"
"A14-2","31.968","16.146","15.365","37.477","19.840","23.581","13.968"
"A14-2","32.855","16.143","15.333","34.720","19.233","24.049","14.035"
"A14-3","31.374","18.118","15.971","34.713","24.857","26.691","14.282"
"A14-3","31.666","17.852","15.393","34.833","24.986","26.887","14.329"
"A14-3","32.069","17.996","15.661","34.520","25.126","27.796","14.567"
"A15-1","34.937","17.322","15.965","32.952","26.810","33.067","14.129"
"A15-1","35.000","17.160","15.572","32.065","27.197","34.377","14.438"
"A15-1","34.662","17.276","15.810","32.911","27.313","32.342","14.598"
"A15-2","32.812","17.346","17.215","32.995","27.060","31.430","14.565"
"A15-2","32.058","17.227","15.933","34.089","26.543","32.865","14.683"
"A15-2","32.688","17.392","16.207","32.626","27.313","31.784","15.053"
"A15-3","33.646","17.967","16.338","33.777","27.493","33.481","14.697"
"A15-3","34.586","17.606","15.850","32.250","27.938","34.560","14.785"
"A15-3","33.721","17.357","15.872","30.630","27.433","32.966","15.202"
"A16-1","28.774","14.999","14.806","35.727","19.404","21.610","12.824"
"A16-1","28.253","14.703","14.230","35.893","19.543","22.710","12.840"
"A16-1","28.312","14.677","14.475","35.445","19.301","21.908","13.287"
"A16-2","29.789","15.260","15.662","36.184","18.782","22.981","12.898"
"A16-2","29.415","15.330","14.424","34.422","18.907","23.709","13.122"
"A16-2","29.110","15.287","14.892","34.218","18.811","23.118","13.409"
"A16-3","28.996","15.102","15.295","40","18.740","24.003","12.951"
"A16-3","28.357","14.885","14.971","34.965","18.577","25.341","13.023"
"A16-3","28.371","15.003","14.785","35.240","18.439","24.048","13.046"
"A17-1","29.370","16.479","13.809","30.844","24.868","40","12.614"
"A17-1","28.514","16.602","13.803","31.173","25.247","38.900","12.553"
"A17-1","40","21.916","16.513","38.918","28.053","40","14.540"
"A17-2","27.506","16.096","13.877","33.630","24.396","40","12.649"
"A17-2","27.841","16.134","13.929","33.097","24.562","39.370","12.664"
"A17-2","40","20.508","20.694","40","28.547","40","16.927"
"A17-3","20.800","15.912","14.120","34.005","23.330","38.969","12.670"
"A17-3","20.654","15.689","14.012","34.220","23.362","37.529","12.648"
"A17-3","33.096","22.781","16.622","40","23.999","40","13.037"
"A18-1","22.859","15.047","14.392","25.558","21.000","40","12.639"
"A18-1","23.015","15.107","14.387","26.106","21.206","40","12.382"
"A18-1","40","24.975","27.598","40","23.418","40","13.158"
"A18-2","32.020","16.527","14.784","28.407","25.044","40","13.173"
"A18-2","32.430","16.416","14.599","28.830","25.089","40","13.188"
"A18-2","37.445","18.132","14.968","29.256","25.219","40","13.909"
"A18-3","30.176","15.860","14.747","29.964","22.335","40","12.990"
"A18-3","31.256","15.596","14.794","31.065","22.315","40","13.012"
"A18-3","39.747","18.301","14.989","30.857","22.780","40","14.752"
"A19-1","37.274","19.427","17.113","32.637","26.896","40","16.294"
"A19-1","37.112","19.408","17.124","28.976","27.080","40","16.433"
"A19-1","40","27.819","25.761","40","31.502","40","25.243"
"A19-2","34.792","19.835","17.615","35.823","28.036","40","16.163"
"A19-2","38.629","19.565","17.603","35.417","28.115","38.704","16.193"
"A19-2","40","34.389","40","40","40","40","40"
"A19-3","34.257","17.654","14.088","34.151","24.574","39.149","12.971"
"A19-3","33.282","17.631","14.040","32.280","24.802","37.435","12.901"
"A19-3","40","16.575","14.220","33.421","24.792","38.541","13.109"
"A20-1","34.377","17.949","15.790","34.451","24.051","31.690","14.627"
"A20-1","35.650","18.083","15.914","33.354","24.467","31.116","14.595"
"A20-1","32.898","17.728","15.972","33.168","24.206","32.020","14.991"
"A20-2","31.934","16.991","15.333","32.490","23.334","34.809","14.009"
"A20-2","32.299","16.883","15.241","31.274","23.372","34.476","13.919"
"A20-2","33.565","18.600","17.534","35.101","24.431","40","17.464"
"A20-3","31.128","17.219","17.793","31.063","21.102","40","15.079"
"A20-3","31.490","17.219","17.121","31.116","21.094","40","15.088"
"A20-3","40","40","32.694","40","36.454","40","24.991"
"A21-1","30.036","16.612","15.979","35.048","24.733","33.742","14.215"
"A21-1","30.438","16.466","15.908","32.436","24.841","39.082","14.114"
"A21-1","25.532","15.629","15.748","35.536","24.673","38.085","14.349"
"A21-2","28.559","15.416","14.551","37.897","21.730","39.214","12.825"
"A21-2","28.300","15.117","14.337","32.959","21.511","40","12.891"
"A21-2","26.210","14.639","15.607","35.317","21.910","40","13.119"
"A21-3","28.418","16.019","14.095","33.015","19.771","40","12.645"
"A21-3","28.566","15.875","13.935","28.785","19.326","40","12.504"
"A21-3","24.444","14.436","13.104","31.504","19.265","33.468","12.247"
"A22-1","29.551","16.977","14.678","33.183","28.395","29.165","13.310"
"A22-1","30.084","16.571","14.562","31.235","28.230","28.706","13.176"
"A22-1","25.461","15.238","14.006","30.860","26.754","28.640","12.743"
"A22-2","30.140","16.811","15.103","31.343","26.967","26.711","14.106"
"A22-2","30.049","16.661","15.307","31.756","26.311","26.555","14.143"
"A22-2","30.102","16.505","15.310","32.629","26.543","26.945","14.306"
"A22-3","24.712","15.493","14.198","33.766","23.686","21.109","13.029"
"A22-3","24.880","15.622","14.855","34.571","23.622","21.422","13.088"
"A22-3","24.595","15.331","14.526","32.613","23.532","21.379","12.960"
"A23-1","30.655","15.484","13.882","36.840","20.353","25.396","12.851"
"A23-1","31.118","15.606","14.214","34.629","20.052","25.994","12.971"
"A23-1","31.098","15.404","14.135","34.991","20.051","25.920","12.706"
"A23-2","30.608","15.728","14.344","35.630","19.346","26.273","13.027"
"A23-2","30.580","15.975","14.955","35.451","19.653","27.086","13.100"
"A23-2","29.884","15.265","14.715","36.644","18.969","27.386","13.039"
"A23-3","30.303","15.847","15.028","31.806","18.396","26.493","13.119"
"A23-3","31.042","15.483","15.098","32.019","18.172","26.968","13.346"
"A23-3","29.702","14.926","14.802","32.593","17.893","26.586","13.030"
"A24-1","32.536","18.311","14.592","33.359","24.056","32.816","13.416"
"A24-1","33.346","17.894","14.708","33.517","23.609","32.204","13.574"
"A24-1","32.543","17.418","14.414","33.179","23.454","32.006","13.256"
"A24-2","28.070","16.887","14.909","32.517","25.500","27.117","13.847"
"A24-2","28.089","16.924","15.167","32.736","25.110","27.020","13.930"
"A24-2","27.435","16.661","14.523","32.807","24.695","26.532","13.330"
"A24-3","28.434","16.566","14.737","32.675","23.208","26.930","13.410"
"A24-3","28.850","16.270","14.615","31.665","23.216","26.467","13.300"
"A24-3","28.310","16.193","14.491","32.990","22.914","26.165","13.053"
"A25-1","27.342","16.181","14.032","32.565","22.087","28.254","12.750"
"A25-1","27.986","16.292","13.985","33.722","22.125","28.399","12.836"
"A25-1","26.996","16.027","13.749","33.669","21.836","28.047","12.734"
"A25-2","27.906","16.977","14.341","33.950","22.915","26.203","13.182"
"A25-2","28.160","16.720","14.329","35.066","22.868","26.557","13.159"
"A25-2","27.090","16.523","14.162","34.595","22.576","26.532","13.087"
"A25-3","28.605","18.122","14.885","32.260","23.825","27.346","13.509"
"A25-3","29.226","18.096","14.902","33.090","23.921","27.598","13.653"
"A25-3","28.129","17.597","14.330","32.816","23.459","27.068","13.296"
"A26-1","30.745","16.960","16.017","35.118","22.674","40","13.946"
"A26-1","32.103","17.075","15.192","40","22.345","40","13.876"
"A26-1","30.528","16.712","14.906","34.541","22.049","40","13.764"
"A26-2","20.965","32.340","13.985","33.240","20.044","40","12.989"
"A26-2","20.983","16.552","13.990","33.585","19.865","40","12.806"
"A26-2","20.867","16.328","14.011","33.088","19.987","40","12.802"
"A26-3","27.548","17.350","15.211","35.421","20.730","40","13.386"
"A26-3","27.577","17.025","14.778","35.273","20.337","40","13.208"
"A26-3","27.088","16.727","14.622","33.134","20.453","40","13.187"
"A27-1","22.797","15.976","14.954","30.641","19.072","40","13.035"
"A27-1","22.985","15.984","14.353","30.696","18.870","40","12.929"
"A27-1","22.593","15.940","14.161","29.989","18.923","40","12.819"
"A27-2","21.431","16.532","15.112","31.872","19.887","40","13.551"
"A27-2","21.638","16.177","15.106","31.731","19.603","40","13.243"
"A27-2","21.317","16.479","14.870","32.496","19.667","40","13.168"
"A27-3","22.293","15.479","13.914","30.946","17.664","40","12.575"
"A27-3","22.509","18.311","40","40","31.053","40","12.979"
"A27-3","22.679","17.011","18.498","37.572","23.586","40","12.721"
"A28-1","29.429","14.318","14.152","37.451","23.830","23.754","12.429"
"A28-1","30.335","17.736","40","40","40","27.265","12.812"
"A28-1","30.516","18.617","40","40","40","24.964","12.829"
"A28-2","32.021","15.895","16.126","35.996","22.903","24.074","13.157"
"A28-2","33.254","15.585","15.513","35.376","24.414","24.960","13.666"
"A28-2","32.629","15.118","14.198","34.101","21.765","24.063","13.239"
"A28-3","38.690","35.770","36.981","40","22.296","22.977","13.132"
"A28-3","36.091","20.560","40","40","40","40","21.709"
"A28-3","32.947","15.239","14.473","32.535","21.093","23.468","13.131"
"A29-1","31.003","17.958","20.293","40","28.439","40","13.952"
"A29-1","31.114","15.771","14.288","34.548","22.131","36.715","12.987"
"A29-1","30.868","15.244","13.698","33.050","21.358","33.941","12.935"
"A29-2","31.645","32.986","40","40","40","40","19.854"
"A29-2","32.715","16.343","15.916","40","24.894","40","13.768"
"A29-2","31.687","15.914","13.982","32.668","20.263","34.041","12.902"
"A29-3","31.665","17.427","18.888","7.319","24.813","39.640","13.059"
"A29-3","31.790","15.818","14.187","33.821","19.636","34.088","12.968"
"A29-3","31.560","15.350","13.651","32.564","19.270","32.991","12.849"
"A30-1","27.559","34.755","40","40","37.476","27.964","13.059"
"A30-1","27.136","14.893","13.895","33.663","24.803","21.681","12.438"
"A30-1","26.980","14.453","13.548","31.991","24.088","21.490","12.236"
"A30-2","32.414","16.973","18.513","40","30.344","35.751","13.530"
"A30-2","30.705","15.520","13.198","32.810","24.465","28.666","12.421"
"A30-2","30.935","15.298","13.076","32.165","24.029","29.119","12.289"
"A30-3","31.714","40","40","40","40","40","40"
"A30-3","29.420","14.573","14.123","34.024","25.281","27.688","12.440"
"A30-3","29.040","14.479","14.803","34.126","24.367","27.002","12.388"
"B1-1","31.081","16.990","15.673","39.920","34.908","40","13.992"
"B1-1","30.820","16.708","15.757","39.399","32.912","40","14.046"
"B1-1","31.297","17.161","15.962","36.902","34.171","39.624","14.496"
"B1-2","40","15.999","14.414","34.504","33.466","38.669","12.986"
"B1-2","34.415","15.658","14.846","34.400","31.970","40","12.987"
"B1-2","34.177","16.068","14.890","34.630","31.978","40","13.356"
"B1-3","33.788","15.195","14.364","32.400","31.665","38.874","12.629"
"B1-3","33.825","15.076","14.548","31.196","30.855","38.336","12.710"
"B1-3","32.850","15.310","15.186","31.709","29.858","38.700","13.120"
"B2-1","31.432","17.783","14.207","39.814","22.417","23.884","12.728"
"B2-1","31.814","17.280","14.137","37.890","22.404","23.991","12.896"
"B2-1","30.837","17.651","14.388","35.329","22.685","25.148","13.281"
"B2-2","30.960","16.789","13.839","31.429","20.449","27.123","12.086"
"B2-2","30.997","16.616","13.562","31.515","20.410","27.594","12.389"
"B2-2","29.603","16.897","13.974","32.093","20.641","27.720","12.294"
"B2-3","31.722","16.560","13.898","35.441","18.866","25.239","12.856"
"B2-3","31.540","16.214","14.848","34.860","18.960","25.204","13.115"
"B2-3","30.308","16.290","14.397","38.029","19.213","25.374","12.915"
"B3-1","36.889","18.337","15.402","12.434","24.691","32.377","13.983"
"B3-1","38.300","18.016","16.083","40","24.989","31.772","14.487"
"B3-1","38.321","18.310","15.391","40","25.186","31.933","14.166"
"B3-2","34.080","17.864","15.619","31.165","23.070","33.148","14.054"
"B3-2","35.875","16.590","15.510","31.530","23.338","34.828","14.119"
"B3-2","33.138","17.387","15.545","30.587","23.301","33.533","14.065"
"B3-3","33.771","16.429","14.318","34.425","21.974","37.180","13.304"
"B3-3","40","16.392","14.209","34.117","21.562","40","12.839"
"B3-3","33.056","17.097","13.927","32.997","21.861","40","13.238"
"B4-1","20.719","16.193","15.128","27.825","20.482","38.287","13.584"
"B4-1","20.526","15.927","15.116","27.487","20.521","38.776","13.384"
"B4-1","20.650","16.000","14.984","27.706","20.480","40","13.276"
"B4-2","29.999","18.265","16.274","35.732","19.390","40","14.499"
"B4-2","30.042","18.018","16.349","40","19.487","40","14.639"
"B4-2","29.683","17.603","16.003","40","19.608","40","14.541"
"B4-3","22.563","18.019","17.960","38.313","22.861","39.187","15.342"
"B4-3","22.135","17.550","16.993","35.826","22.646","40","15.218"
"B4-3","22.000","17.469","16.853","35.705","22.468","40","15.480"
"B5-1","26.858","16.968","14.607","37.436","21.390","39.239","13.369"
"B5-1","27.627","18.038","14.771","35.009","21.392","40","13.244"
"B5-1","26.505","16.413","15.155","40","21.426","40","13.331"
"B5-2","23.040","17.783","15.909","35.464","20.873","40","14.128"
"B5-2","23.038","17.491","15.709","34.366","20.989","40","14.298"
"B5-2","22.821","17.152","16.547","34.272","20.982","40","14.343"
"B5-3","21.241","16.137","14.053","33.357","22.550","40","13.754"
"B5-3","22.345","40","40","35.828","37.381","34.402","28.894"
"B5-3","21.261","16.225","15.059","33.363","22.212","34.236","13.554"
"B6-1","37.901","19.750","16.135","33.115","31.379","40","15.073"
"B6-1","39.173","20.476","16.001","33.719","30.981","40","15.205"
"B6-1","35.567","19.615","16.087","31.826","30.792","40","15.018"
"B6-2","32.227","18.012","15.461","40","30.780","40","14.135"
"B6-2","32.665","18.096","15.510","38.241","29.717","40","14.032"
"B6-2","32.492","18.135","15.455","39.870","30.733","40","14.520"
"B6-3","31.932","16.884","14.077","32.152","30.007","40","12.886"
"B6-3","33.299","16.964","14.099","32.206","29.967","40","12.783"
"B6-3","32.015","16.873","14.100","31.981","29.905","39.299","12.860"
"B7-1","31.894","17.425","15.310","32.081","25.994","27.595","13.689"
"B7-1","32.535","17.592","15.314","31.444","26.136","27.571","13.760"
"B7-1","32.296","17.254","15.269","31.442","25.984","27.661","13.640"
"B7-2","31.397","15.997","13.848","27.530","20.183","22.766","12.269"
"B7-2","32.488","15.925","13.810","27.449","20.002","22.603","12.119"
"B7-2","32.097","15.553","13.752","27.393","19.921","23.329","12.266"
"B7-3","32.376","18.705","15.968","33.614","21.850","26.121","14.306"
"B7-3","34.045","18.436","15.830","34.404","21.632","26.115","14.251"
"B7-3","33.347","18.211","15.628","34.912","21.589","25.925","14.322"
"B8-1","32.131","16.918","14.363","38.396","27.305","38.198","13.043"
"B8-1","33.908","16.796","14.229","38.036","27.426","37.179","12.992"
"B8-1","32.859","16.568","14.152","37.278","26.927","34.737","12.993"
"B8-2","32.779","17.396","15.014","38.712","22.872","40","13.686"
"B8-2","33.749","17.376","15.061","40","22.844","40","13.333"
"B8-2","33.939","17.225","14.696","38.978","22.585","38.846","13.514"
"B8-3","31.594","17.908","15.498","34.114","20.973","38.078","13.957"
"B8-3","32.870","17.808","15.367","37.610","20.672","36.809","13.976"
"B8-3","32.815","17.569","15.188","34.365","20.752","35.234","13.923"
"B9-1","29.344","16.714","14.758","35.980","25.970","20.987","13.380"
"B9-1","30.739","16.713","14.600","38.539","25.774","21.135","13.380"
"B9-1","30.992","16.640","14.519","39.050","25.576","21.038","13.407"
"B9-2","28.288","16.969","14.666","34.033","26.567","22.809","13.288"
"B9-2","29.571","16.936","14.939","32.989","26.698","22.855","13.249"
"B9-2","28.733","16.832","14.792","33.139","26.825","22.963","13.498"
"B9-3","28.236","15.871","14.243","36.933","23.024","25.451","12.603"
"B9-3","29.134","15.538","14.117","38.081","22.951","25.416","12.537"
"B9-3","28.749","15.516","14.020","38.156","22.946","25.400","12.693"
"B10-1","31.231","17.023","15.180","36.025","22.822","40","12.933"
"B10-1","32.663","17.167","14.400","40","22.551","40","13.008"
"B10-1","31.953","17.047","14.336","35.274","22.411","40","13.274"
"B10-2","28.573","15.870","14.537","29.075","17.817","40","12.658"
"B10-2","29.058","15.881","14.525","29.647","17.618","40","12.915"
"B10-2","28.961","15.855","14.473","29.122","17.544","38.599","13.156"
"B10-3","29.408","16.538","14.894","26.340","20.695","40","12.983"
"B10-3","29.782","16.252","14.557","26.282","20.494","40","13.046"
"B10-3","30.021","16.299","14.647","26.356","20.769","40","13.366"
"B11-1","32.526","16.936","15.620","35.306","25.578","26.844","13.779"
"B11-1","32.298","16.812","15.095","36.545","25.011","26.357","13.398"
"B11-1","33.111","16.908","15.160","35.955","24.981","26.417","13.658"
"B11-2","32.209","16.934","15.894","37.015","23.620","24.585","13.933"
"B11-2","32.137","16.476","15.832","35.995","23.324","24.048","13.854"
"B11-2","33.494","16.714","15.710","35.564","23.633","24.135","14.174"
"B11-3","33.340","17.487","15.150","33.564","24.271","28.298","14.428"
"B11-3","34.343","17.979","15.902","36.212","25.263","29.191","14.854"
"B11-3","33.089","17.920","15.924","36.444","25.157","28.646","14.716"
"B12-1","29.725","15.173","14.344","33.867","18.419","34.658","13.063"
"B12-1","29.157","15.329","14.915","36.458","18.729","38.989","13.120"
"B12-1","29.132","15.089","14.871","36.005","18.833","36.502","13.191"
"B12-2","27.964","15.076","13.972","36.960","17.997","39.107","12.337"
"B12-2","28.181","15.146","14.159","36.593","18.067","40","12.423"
"B12-2","28.527","15.232","14.115","38.656","18.093","38.415","12.531"
"B12-3","30.514","17.640","16.367","32.490","21.280","37.435","15.394"
"B12-3","31.712","17.232","16.279","33.061","21.182","37.337","14.855"
"B12-3","31.591","17.031","16.050","32.878","21.091","38.313","15.083"
"B13-1","29.962","15.755","14.288","38.074","15.989","25.036","12.609"
"B13-1","31.215","15.426","14.260","40","16.118","25.226","12.648"
"B13-1","30.623","15.576","14.293","40","16.066","25.134","12.865"
"B13-2","28.971","15.863","13.951","34.923","15.707","24.879","12.302"
"B13-2","29.373","15.640","13.929","34.701","15.997","25.930","12.699"
"B13-2","30.041","15.622","13.897","33.627","15.726","24.976","12.453"
"B13-3","31.073","17.401","15.869","36.874","21.991","25.935","14.462"
"B13-3","31.763","17.087","15.688","35.201","21.879","25.562","14.483"
"B13-3","32.600","17.155","15.674","34.022","21.800","25.641","14.508"
"B14-1","33.384","17.122","13.357","34.183","32.634","40","12.122"
"B14-1","33.933","17.027","13.625","34.660","31.762","40","12.569"
"B14-1","33.913","17.054","13.470","36.701","31.390","39.160","12.427"
"B14-2","33.549","16.509","14.000","37.932","22.193","40","12.960"
"B14-2","32.510","16.363","13.952","35.091","22.193","40","12.713"
"B14-2","33.517","16.465","13.949","37.050","22.099","39.758","13.006"
"B14-3","32.177","16.326","13.745","35.185","25.008","34.946","12.750"
"B14-3","32.055","16.601","13.645","34.869","24.794","40","12.603"
"B14-3","34.900","16.603","13.692","35.801","24.642","38.421","12.869"
"B16-1","31.004","17.095","14.354","35.124","26.030","30.565","13.135"
"B16-1","31.106","17.070","14.318","35.121","25.905","30.296","12.989"
"B16-1","31.635","17.104","14.255","36.114","25.780","30.912","13.181"
"B16-2","29.859","17.186","15.421","34.632","26.412","28.461","13.272"
"B16-2","30.138","17.300","14.864","36.353","26.212","27.636","13.372"
"B16-2","30.073","17.284","14.728","34.786","26.477","27.998","13.659"
"B16-3","32.243","16.379","14.529","38.278","24.214","31.950","13.198"
"B16-3","32.882","16.398","14.509","36.191","24.216","32.240","13.312"
"B16-3","33.699","16.363","14.531","36.070","24.001","32.095","13.398"
"B17-1","28.341","16.815","15.173","35.023","22.881","40","13.552"
"B17-1","27.799","16.860","15.079","36.653","22.901","37.115","13.534"
"B17-1","28.233","16.629","15.027","34.166","22.848","39.725","13.752"
"B17-2","29.733","17.051","13.959","34.135","23.040","40","12.335"
"B17-2","29.045","17.167","14.072","34.448","23.121","40","12.921"
"B17-2","29.261","17.146","14.200","36.156","23.095","40","12.952"
"B17-3","31.709","20.800","17.781","36.194","23.583","40","16.805"
"B17-3","31.628","19.436","17.869","35.207","23.309","40","16.378"
"B17-3","31.999","19.511","18.533","36.432","23.502","40","16.538"
"B18-1","19.835","16.778","15.220","34.906","24.551","27.443","13.758"
"B18-1","19.780","16.678","15.295","34.853","24.512","27.373","13.724"
"B18-1","19.572","16.541","15.357","36.335","24.648","27.641","14.044"
"B18-2","17.818","14.814","14.807","35.986","17.747","26.636","12.554"
"B18-2","17.582","14.643","14.704","34.330","17.681","26.525","12.540"
"B18-2","17.626","14.496","14.922","39.318","18.010","26.633","12.827"
"B18-3","21.203","16.541","16.883","29.694","21.590","28.176","14.811"
"B18-3","20.708","16.568","16.903","29.305","21.468","28.083","14.656"
"B18-3","21.037","15.951","16.794","29.313","21.536","28.178","14.833"
"B19-1","32.210","17.521","14.332","33.309","23.056","40","12.995"
"B19-1","32.215","17.222","14.153","33.892","22.917","38.384","12.840"
"B19-1","32.284","17.095","14.143","33.180","22.744","40","13.028"
"B19-2","32.242","17.207","14.265","36.294","19.478","39.632","12.713"
"B19-2","31.901","17.022","14.043","34.693","19.366","36.980","12.708"
"B19-2","31.605","16.900","13.950","37.035","19.284","36.986","12.818"
"B19-3","31.731","17.398","14.094","35.173","16.351","35.048","12.845"
"B19-3","31.705","16.994","13.982","34.342","16.160","35.321","12.751"
"B19-3","31.527","16.954","13.747","34.000","16.123","33.335","12.909"
"B20-1","30.972","16.702","13.967","35.697","22.311","22.817","12.441"
"B20-1","30.424","16.613","14.054","35.984","22.470","38.243","12.683"
"B20-1","30.247","16.517","13.922","34.520","22.573","37.889","12.873"
"B20-2","31.259","17.772","14.342","35.996","19.950","38.015","12.919"
"B20-2","31.735","17.332","14.234","36.359","19.984","38.530","12.968"
"B20-2","31.457","17.199","14.125","35.455","19.949","37.840","13.060"
"B20-3","29.692","17.002","14.553","35.199","23.385","37.912","13.423"
"B20-3","30.019","16.786","14.492","35.493","23.459","37.766","13.444"
"B20-3","29.368","16.606","14.392","34.326","23.309","36.426","13.697"
"B21-1","24.527","16.340","14.207","35.151","22.170","29.885","12.803"
"B21-1","24.559","15.896","14.013","34.357","21.988","29.621","12.685"
"B21-1","24.363","15.762","13.885","33.646","21.878","29.444","13.062"
"B21-2","25.235","17.234","14.672","35.764","24.269","30.688","13.396"
"B21-2","26.086","16.679","14.507","35.906","24.027","30.066","13.269"
"B21-2","40","16.164","14.540","36.413","24.151","30.244","13.427"
"B21-3","26.935","17.905","17.690","34.591","21.049","38.476","15.070"
"B21-3","26.660","17.874","16.759","35.049","20.985","40","15.107"
"B21-3","22.647","13.596","12.600","30.082","16.712","33.873","11.527"
"B22-1","32.206","17.293","16.356","34.871","21.633","32.159","14.293"
"B22-1","31.984","17.171","16.304","35.202","21.614","31.991","14.388"
"B22-1","40","16.502","16.269","33.560","21.540","31.946","14.528"
"B22-2","29.435","16.936","16.213","31.700","19.720","33.433","14.170"
"B22-2","29.185","16.802","16.095","32.938","19.657","33.907","14.275"
"B22-2","28.893","16.661","16.032","31.362","19.867","34.746","14.342"
"B22-3","29.568","14.067","14.456","28.279","18.487","33.594","12.231"
"B22-3","28.422","14.006","14.233","28.033","18.361","33.277","12.229"
"B22-3","29.045","14.040","14.243","27.995","18.625","34.573","12.559"
"B23-1","29.203","14.709","14.250","33.629","21.070","25.087","12.409"
"B23-1","28.942","14.739","13.899","33.500","20.957","24.921","12.437"
"B23-1","28.611","14.513","14.076","33.895","21.274","24.948","12.543"
"B23-2","29.752","15.617","13.351","31.817","22.895","33.566","12.309"
"B23-2","29.720","15.663","13.536","31.310","22.848","33.806","12.364"
"B23-2","28.581","15.584","13.546","30.921","22.690","35.225","12.736"
"B23-3","29.671","15.523","13.480","38.041","20.313","33.888","12.359"
"B23-3","29.174","15.469","13.444","35.264","20.259","32.824","12.514"
"B23-3","29.029","15.434","13.622","36.325","20.170","33.574","12.850"
"B24-1","30.579","16.764","13.158","33.415","26.985","23.082","11.961"
"B24-1","30.003","16.508","13.068","33.603","26.990","23.014","11.980"
"B24-1","28.661","16.555","13.161","35.673","26.444","23.534","12.047"
"B24-2","31.981","16.956","14.152","35.742","24.925","23.360","12.884"
"B24-2","32.490","16.764","14.157","34.283","24.864","23.525","13.015"
"B24-2","30.792","16.653","14.241","34.147","24.637","24.665","13.306"
"B24-3","32.786","16.091","13.257","38.208","19.742","24.498","12.188"
"B24-3","32.508","15.783","13.106","35.389","19.711","24.429","12.144"
"B24-3","30.985","15.714","13.098","35.349","19.531","24.994","12.420"
"B25-1","31.881","15.464","14.056","39.440","25.660","29.608","12.497"
"B25-1","31.701","15.273","14.008","33.402","25.612","29.560","12.654"
"B25-1","31.225","15.496","14.155","35.855","25.502","29.993","12.886"
"B25-2","32.472","16.033","15.053","9.162","26.225","28.123","13.199"
"B25-2","32.989","16.162","15.213","36.669","26.319","27.761","13.664"
"B25-2","31.045","15.980","15.061","36.485","26.137","28.372","13.672"
"B25-3","29.021","16.763","14.584","39.154","23.380","30.940","13.223"
"B25-3","29.419","16.246","14.430","37.195","23.445","30.506","13.519"
"B25-3","28.834","16.287","14.536","36.944","23.261","31.167","13.862"
"B26-1","20.067","16.510","14.211","34.383","31.897","39.438","13.427"
"B26-1","19.976","16.342","14.218","34.585","31.719","39.258","13.407"
"B26-1","21.081","16.243","14.282","34.515","31.973","40","13.403"
"B26-2","18.784","16.605","14.215","37.721","24.180","31.536","13.140"
"B26-2","18.504","16.537","14.221","36.405","24.228","31.816","13.109"
"B26-2","18.250","16.478","14.269","39.220","23.994","36.273","13.346"
"B26-3","20.798","15.812","14.061","36.059","22.082","31.647","13.101"
"B26-3","20.104","15.855","13.983","35.490","22.300","31.624","13.036"
"B26-3","20.236","15.645","14.000","34.868","22.220","34.907","13.250"
"B27-1","31.405","16.907","15.715","33.176","24.515","21.911","14.050"
"B27-1","31.382","16.984","15.142","34.421","24.497","21.980","14.114"
"B27-1","29.946","16.916","15.046","32.044","24.231","22.376","14.208"
"B27-2","30.152","16.549","14.155","37.402","20.993","21.169","13.007"
"B27-2","30.228","16.602","13.990","33.803","20.973","21.109","13.050"
"B27-2","28.916","16.463","14.059","34.220","20.665","21.539","13.313"
"B27-3","30.867","18.910","17.319","36.354","21.159","24.745","15.894"
"B27-3","31.024","18.441","17.246","38.669","21.081","24.735","16.039"
"B27-3","30.323","18.659","17.337","37.455","21.132","25.240","16.307"
"B28-1","26.577","14.338","15.030","32.942","19.936","20.750","12.282"
"B28-1","26.252","14.098","14.911","32.944","19.759","20.700","12.574"
"B28-1","25.822","14.037","14.966","32.219","19.799","21.227","12.469"
"B28-2","27.312","14.572","14.749","33.311","16.488","23.470","12.576"
"B28-2","27.476","14.403","14.679","36.395","16.557","23.378","12.574"
"B28-2","26.471","14.299","14.842","34.136","16.451","24.043","12.867"
"B28-3","28.353","16.220","15.831","39.467","20.919","23.443","13.348"
"B28-3","28.104","15.968","15.883","35.535","20.845","23.591","14.167"
"B28-3","27.597","16.164","15.977","37.139","21.042","23.851","14.214"
"B29-1","27.916","15.854","14.282","30.063","19.802","35.829","12.501"
"B29-1","27.783","15.686","14.186","29.307","19.361","37.906","12.913"
"B29-1","26.596","15.891","14.405","29.543","19.864","35.928","12.747"
"B29-2","29.999","16.384","14.522","35.507","28.586","37.249","12.868"
"B29-2","29.181","16.379","14.541","35.368","28.569","40","13.361"
"B29-2","29.314","16.257","14.627","37.338","28.903","40","13.596"
"B29-3","32.681","17.945","16.427","36.932","26.000","40","14.470"
"B29-3","32.166","17.824","16.553","34.939","26.125","40","14.984"
"B29-3","31.557","17.755","16.616","35.399","26.559","40","15.508"
"B30-1","20.460","16.012","14.271","36.319","21.594","25.425","12.370"
"B30-1","20.774","15.914","14.395","33.787","21.852","25.393","12.968"
"B30-1","20.698","15.984","14.624","34.708","22.238","25.952","13.389"
"B30-2","20.302","15.118","14.969","38.126","17.387","26.769","12.103"
"B30-2","20.499","15.367","15.364","34.987","18.043","27.630","13.258"
"B30-2","20.235","15.233","15.253","34.248","18.078","27.675","13.606"
"B30-3","23.623","16.492","17.514","38.418","21.853","30.465","14.266"
"B30-3","23.346","16.603","17.860","35.518","22.264","30.336","15.252"
"B30-3","23.222","16.576","17.700","36.776","22.350","30.711","15.659"
"","40","33.857","33.403","40","40","40","29.453"
"","40","34.623","40","40","40","40","30.344"
"","40","33.098","34.641","40","40","40","29.931"
"C1-1","28.789","16.438","15.138","34.373","20.343","37.154","13.359"
"C1-1","28.241","16.220","14.883","31.913","20.645","38.523","13.605"
"C1-1","28.380","16.099","14.935","31.980","20.283","36.986","13.462"
"C1-2","31.629","17.848","15.764","35.520","24.273","38.064","13.966"
"C1-2","31.161","17.651","15.655","32.675","24.317","39.979","14.337"
"C1-2","30.668","17.554","15.580","34.045","24.253","38.587","14.885"
"C1-3","30.710","15.987","15.115","29.402","21.737","35.836","13.247"
"C1-3","30.318","15.511","14.727","28.963","21.495","36.169","13.396"
"C1-3","30.590","15.459","14.833","28.874","21.552","36.686","13.482"
"C2-1","30.370","18.330","16.951","28.054","23.986","40","14.951"
"C2-1","30.464","18.265","16.061","27.559","23.868","38.742","15.234"
"C2-1","29.983","18.047","16.003","27.415","23.925","37.790","15.786"
"C2-2","31.456","17.715","15.832","37.191","26.620","39.365","13.586"
"C2-2","30.997","17.274","15.519","33.598","26.954","39.797","14.252"
"C2-2","30.916","16.869","15.307","33.439","26.336","38.066","14.750"
"C2-3","34.997","17.932","17.266","40","24.814","38.113","14.915"
"C2-3","33.497","17.340","16.802","34.881","24.543","40","15.244"
"C2-3","33.898","17.397","17.005","34.685","24.668","40","15.412"
"C3-1","22.460","16.764","14.394","35.090","23.131","27.981","11.969"
"C3-1","21.988","16.587","14.061","39.169","22.981","28.400","13.087"
"C3-1","22.336","16.510","14.190","34.912","23.152","28.232","13.204"
"C3-2","32.511","17.559","16.953","28.984","17.685","34.855","12.706"
"C3-2","32.595","17.161","16.587","28.564","17.801","40","13.449"
"C3-2","32.381","17.124","16.494","28.398","17.999","35.707","13.614"
"C3-3","32.226","16.498","13.105","33.512","17.978","36.088","12.045"
"C3-3","31.714","16.299","13.188","32.941","18.157","40","12.161"
"C3-3","31.529","16.302","13.149","33.259","18.153","36.966","12.202"
"C4-1","29.388","16.510","15.452","35.711","19.053","26.331","14.086"
"C4-1","29.464","16.376","15.551","37.016","19.231","26.423","14.037"
"C4-1","29.001","16.286","15.465","34.365","19.306","26.303","14.119"
"C4-2","25.625","15.110","14.862","38.359","18.646","24.517","13.126"
"C4-2","25.435","14.861","14.653","36.696","18.867","24.431","13.412"
"C4-2","25.439","14.873","14.807","35.493","18.888","24.535","13.094"
"C4-3","28.936","15.193","13.897","33.388","18.302","26.430","12.758"
"C4-3","29.141","14.915","13.892","32.959","18.484","26.195","12.510"
"C4-3","29.115","14.828","14.074","34.407","18.328","27.097","12.669"
"C5-1","24.648","17.753","15.989","34.060","29.146","39.457","14.471"
"C5-1","24.708","17.232","15.742","36.240","30.516","33.155","14.354"
"C5-1","24.537","17.451","15.660","35.177","30.975","35.044","14.492"
"C5-2","15.619","14.713","13.997","34.307","27.283","24.083","12.104"
"C5-2","15.356","14.445","13.833","35.003","27.976","24.031","12.087"
"C5-2","15.344","14.403","13.677","32.258","27.949","24.136","12.099"
"C5-3","18.210","14.990","14.025","33.926","26.844","23.127","12.439"
"C5-3","17.850","14.685","13.964","33.223","27.047","23.065","11.985"
"C5-3","17.915","14.788","13.624","33.506","27.004","23.195","12.762"
"C6-1","30.258","17.204","13.708","31.117","20.223","40","12.384"
"C6-1","30.707","17.025","13.473","31.423","20.616","37.456","12.764"
"C6-1","30.525","16.923","13.773","32.055","20.697","40","12.855"
"C6-2","28.838","17.029","14.714","33.029","21.695","40","13.174"
"C6-2","28.883","16.847","14.261","33.495","21.902","40","13.298"
"C6-2","28.440","16.721","14.264","33.232","21.814","40","13.344"
"C6-3","29.677","15.373","13.459","27.857","20.239","38.521","12.182"
"C6-3","29.604","15.011","13.389","28.034","20.247","39.746","12.330"
"C6-3","29.334","15.038","13.419","28.233","20.287","40","12.733"
"C7-1","32.875","15.586","14.862","34.558","25.162","40","13.037"
"C7-1","32.034","15.318","14.864","40","25.580","40","12.977"
"C7-1","32.645","15.257","14.651","36.261","25.434","40","13.093"
"C7-2","33.955","17.366","15.616","36.922","27.421","40","13.502"
"C7-2","34.418","17.085","14.875","40","27.902","40","13.785"
"C7-2","33.851","17.144","14.912","38.147","27.234","40","13.974"
"C7-3","33.862","16.371","15.425","33.261","26.351","40","13.916"
"C7-3","34.410","16.261","15.455","38.894","26.470","39.995","14.142"
"C7-3","34.397","16.168","15.609","38.585","26.540","40","14.263"
"C8-1","25.221","16.384","15.174","34.167","28.074","25.021","13.519"
"C8-1","25.179","15.898","15.177","34.769","28.630","25.074","13.686"
"C8-1","25.263","15.995","15.262","40","29.249","25.299","13.938"
"C8-2","30.916","15.921","14.374","33.751","29.968","24.456","12.824"
"C8-2","30.939","15.697","14.175","34.795","30.110","24.564","12.906"
"C8-2","30.053","15.412","14.202","35.502","30.509","24.854","13.000"
"C8-3","40","40","40","40","40","40","40"
"C8-3","40","40","40","40","40","40","40"
"C8-3","40","40","40","40","40","40","40"
"C9-1","24.428","16.873","15.715","35.191","22.420","40","14.247"
"C9-1","24.324","16.361","15.751","37.443","22.864","40","14.044"
"C9-1","24.656","16.524","15.624","36.901","22.859","37.439","14.389"
"C9-2","22.874","15.657","14.326","33.373","22.835","40","13.035"
"C9-2","22.915","15.160","14.344","34.914","23.182","40","12.806"
"C9-2","22.886","15.353","14.150","34.398","23.189","36.416","13.090"
"C9-3","21.934","14.877","14.423","31.412","21.306","40","12.598"
"C9-3","21.394","14.336","14.121","31.945","21.603","39.469","12.691"
"C9-3","21.716","14.156","14.123","31.914","21.649","39.256","12.367"
"C10-1","27.030","17.567","15.581","34.864","25.284","29.928","14.719"
"C10-1","27.054","17.166","15.670","38.624","25.489","29.052","14.151"
"C10-1","27.074","17.130","15.775","37.435","25.493","29.868","14.379"
"C10-2","20.510","14.687","13.559","33.672","22.051","25.103","12.122"
"C10-2","20.266","14.005","13.523","34.837","22.276","24.774","11.574"
"C10-2","20.284","14.009","13.489","34.925","21.723","24.977","11.725"
"C10-3","26.649","18.647","17.046","36.474","23.569","28.830","15.541"
"C10-3","26.699","17.929","16.870","37.754","23.788","28.425","15.216"
"C10-3","26.633","17.946","16.707","36.924","23.866","28.529","15.193"
"C11-1","21.982","15.945","14.158","40","21.692","40","13.085"
"C11-1","21.654","15.130","14.379","40","22.038","40","12.701"
"C11-1","21.707","15.229","14.344","40","22.113","36.253","12.413"
"C11-2","28.724","16.332","13.731","36.851","22.328","39.862","12.577"
"C11-2","28.943","15.668","13.646","36.773","22.784","38.334","12.305"
"C11-2","28.679","15.437","13.640","40","22.797","38.253","12.387"
"C11-3","33.169","17.926","17.589","36.436","23.295","40","15.956"
"C11-3","33.339","17.198","17.113","37.315","23.665","40","15.379"
"C11-3","33.069","17.172","17.129","40","23.566","40","15.449"
"C12-1","24.511","18.310","14.599","35.793","23.625","28.612","13.633"
"C12-1","24.217","17.991","14.679","34.780","23.953","28.209","13.285"
"C12-1","24.106","17.915","14.625","34.793","23.854","28.665","13.541"
"C12-2","28.952","15.987","13.315","33.726","23.863","28.285","12.271"
"C12-2","28.318","15.634","13.119","36.518","24.245","27.940","11.874"
"C12-2","28.614","15.616","13.122","37.384","24.274","27.700","11.944"
"C12-3","28.591","18.300","16.869","37.491","25.649","30.209","15.062"
"C12-3","28.124","17.413","15.917","37.576","25.203","30.278","14.312"
"C12-3","27.965","17.352","15.634","38.194","25.258","30.121","14.349"
"C13-1","28.075","14.973","13.487","34.474","18.855","23.225","12.384"
"C13-1","27.696","14.360","13.466","33.980","18.941","22.686","12.047"
"C13-1","27.806","14.152","13.235","34.818","18.814","22.670","11.986"
"C13-2","30.337","15.143","15.207","33.557","19.021","22.249","13.475"
"C13-2","29.438","14.480","15.156","33.614","19.061","21.946","13.208"
"C13-2","29.571","14.474","15.090","32.506","19.153","21.839","12.964"
"C13-3","28.978","14.434","12.780","33.851","20.017","25.082","11.504"
"C13-3","27.564","13.941","12.595","32.930","19.711","24.781","11.383"
"C13-3","28.101","13.842","12.942","34.615","20.180","25.099","11.671"
"C14-1","29.694","15.592","14.282","31.316","20.345","31.750","12.920"
"C14-1","29.859","14.929","14.232","32.023","20.600","29.515","12.493"
"C14-1","29.689","14.914","14.222","33.100","20.656","29.940","12.505"
"C14-2","28.312","14.338","13.207","33.390","25.802","25.021","11.873"
"C14-2","28.047","14.268","13.216","34.094","25.628","24.948","11.901"
"C14-2","29.462","14.718","13.236","33.581","25.703","24.752","11.549"
"C14-3","30.810","15.148","14.296","34.836","23.895","29.032","13.048"
"C14-3","30.499","15.006","14.247","34.748","23.875","28.622","12.831"
"C14-3","31.789","15.403","14.190","36.003","23.842","28.487","12.640"
"C15-1","27.929","15.309","14.927","34.061","25.702","40","13.182"
"C15-1","27.714","15.269","14.752","35.409","25.743","38.075","13.071"
"C15-1","28.364","15.688","14.957","36.815","25.592","37.088","12.917"
"C15-2","30.782","18.383","15.695","34.091","28.318","38.335","14.630"
"C15-2","31.121","18.282","15.677","34.646","27.622","39.203","14.239"
"C15-2","32.086","18.776","15.995","33.105","27.917","37.688","14.269"
"C15-3","32.768","20.267","17.734","38.338","25.610","40","16.940"
"C15-3","33.202","19.638","17.266","36.967","25.214","40","16.412"
"C15-3","34.316","20.058","17.408","40","25.485","38.781","16.275"
"C16-1","28.538","15.675","15.683","32.975","23.905","37.429","13.570"
"C16-1","28.036","15.509","15.332","33.105","23.648","35.712","13.519"
"C16-1","28.426","16.125","15.563","33.648","23.963","35.874","13.339"
"C16-2","28.998","15.453","15.834","28.662","21.452","40","13.797"
"C16-2","28.221","15.304","15.566","29.741","21.332","35.937","13.743"
"C16-2","28.895","15.541","15.536","29.622","21.478","35.116","13.586"
"C16-3","25.153","16.311","15.860","36.049","22.756","40","14.027"
"C16-3","25.164","16.105","15.550","35.224","22.896","38.410","14.192"
"C16-3","25.144","16.448","15.769","37.281","22.976","37.234","13.992"
"C17-1","31.444","17.612","17.041","35.750","24.574","39.025","15.519"
"C17-1","32.069","17.314","16.781","37.506","24.617","37.877","15.557"
"C17-1","32.652","17.652","16.927","39.267","24.654","37.226","15.393"
"C17-2","30.940","16.564","14.119","37.178","25.361","36.236","13.030"
"C17-2","30.985","16.372","14.128","36.170","25.106","37.052","13.032"
"C17-2","31.530","16.665","14.201","35.504","25.457","35.902","12.979"
"C17-3","31.767","17.363","15.842","33.046","22.096","40","14.502"
"C17-3","31.633","17.297","15.751","32.108","22.090","39.407","14.379"
"C17-3","32.395","17.502","15.671","31.775","22.078","36.528","14.270"
"C18-1","26.067","15.437","15.360","33.510","24.289","27.511","13.018"
"C18-1","25.582","15.407","14.450","33.830","23.978","27.138","12.973"
"C18-1","26.645","15.550","14.419","32.749","24.031","27.247","13.014"
"C18-2","25.516","14.743","13.519","36.676","22.725","24.322","12.001"
"C18-2","25.082","14.906","13.407","34.840","22.495","24.071","12.158"
"C18-2","25.905","14.876","13.301","35.673","22.329","24.030","11.983"
"C18-3","27.662","17.172","17.256","37.361","23.637","29.074","15.057"
"C18-3","27.085","17.115","17.024","35.762","23.519","29.016","15.149"
"C18-3","28.260","17.393","17.182","38.119","23.772","28.957","15.047"
"C19-1","32.891","19.171","14.962","33.940","31.133","29.173","13.727"
"C19-1","32.337","19.135","14.996","32.290","30.978","28.854","13.818"
"C19-1","33.045","19.266","14.987","33.890","32.239","29.044","13.818"
"C19-2","31.985","18.483","13.873","37.909","31.767","27.749","12.653"
"C19-2","31.861","18.389","13.593","36.463","31.199","27.538","12.951"
"C19-2","32.673","18.829","13.854","37.441","31.586","27.436","12.946"
"C19-3","31.589","18.780","15.922","34.261","28.173","29.544","14.555"
"C19-3","34.625","18.540","15.821","32.860","27.888","29.506","15.042"
"C19-3","34.201","18.732","15.795","32.120","28.221","29.500","15.222"
"C20-1","31.318","16.886","14.673","36.998","25.969","36.955","13.044"
"C20-1","33.985","16.636","14.413","35.732","25.933","40","13.399"
"C20-1","34.511","16.798","14.478","40","26.244","40","13.805"
"C20-2","29.198","15.826","14.957","40","23.546","36.962","12.871"
"C20-2","28.637","15.854","14.721","37.840","23.472","36.799","13.038"
"C20-2","31.653","15.551","14.507","35.074","23.602","37.415","13.147"
"C20-3","29.557","15.324","13.241","35.792","26.182","36.184","11.849"
"C20-3","29.067","14.962","12.964","37.391","25.895","35.755","11.633"
"C20-3","33.111","15.012","13.267","34.253","26.358","38.501","12.238"
"C21-1","28.537","16.482","15.589","39.179","20.858","40","13.428"
"C21-1","28.991","16.297","15.452","40","20.809","40","13.426"
"C21-1","31.547","16.222","15.288","34.381","21.038","40","14.081"
"C21-2","34.045","16.971","15.789","36.071","22.387","40","13.951"
"C21-2","34.794","16.990","15.451","36.645","22.306","40","13.898"
"C21-2","35.920","16.910","15.355","40","22.577","40","14.357"
"C21-3","32.739","18.950","18.412","33.917","22.422","40","17.054"
"C21-3","32.424","18.759","18.409","32.979","22.351","40","16.997"
"C21-3","35.769","18.539","18.212","32.578","22.617","40","17.634"
"C23-1","22.929","18.090","17.511","40","24.123","28.341","15.554"
"C23-1","22.474","18.166","17.382","37.333","24.051","28.918","15.601"
"C23-1","22.973","17.873","17.341","35.671","24.404","28.809","16.162"
"C23-2","21.575","17.036","15.590","36.668","23.169","25.904","13.888"
"C23-2","21.030","16.966","15.424","35.934","23.150","25.967","13.875"
"C23-2","21.026","16.914","15.256","36.327","23.287","26.069","14.325"
"C23-3","19.209","14.673","13.622","36.301","21.025","25.157","11.550"
"C23-3","18.886","14.624","13.517","35.429","20.975","25.051","11.801"
"C23-3","19.045","14.562","13.431","35.632","21.134","25.447","12.569"
"C24-1","23.775","17.083","14.418","33.881","22.041","34.052","12.977"
"C24-1","23.222","16.828","14.306","36.060","21.997","32.393","12.956"
"C24-1","23.257","16.767","14.131","35.376","22.210","33.047","13.207"
"C24-2","24.384","15.781","15.900","34.589","22.979","31.302","12.995"
"C24-2","23.912","15.548","14.919","33.526","22.586","32.630","12.947"
"C24-2","24.252","15.485","14.791","35.075","22.810","32.050","13.416"
"C24-3","20.745","16.679","14.471","33.951","24.841","30.047","12.833"
"C24-3","20.819","16.692","14.348","36.443","24.673","29.689","12.964"
"C24-3","21.183","16.405","14.271","35.859","24.841","30.186","13.311"
"C25-1","29.039","17.644","14.992","33.423","25.502","27.869","12.816"
"C25-1","28.644","17.480","14.857","33.775","25.412","27.415","12.891"
"C25-1","31.314","17.350","14.767","32.201","25.755","27.856","13.455"
"C25-2","25.948","16.654","14.860","33.154","23.526","27.278","12.752"
"C25-2","25.738","16.657","14.514","34.836","23.255","27.085","12.554"
"C25-2","26.489","16.538","14.370","32.843","23.541","27.407","13.218"
"C25-3","28.015","16.984","14.560","28.644","23.895","32.404","12.407"
"C25-3","28.591","16.974","14.500","29.011","23.808","32.183","12.498"
"C25-3","31.245","15.996","14.306","28.625","24.062","32.694","13.146"
"C26-1","28.989","18.685","15.425","38.413","26.982","40","14.345"
"C26-1","29.312","18.572","15.436","35.829","27.046","40","14.243"
"C26-1","28.698","18.467","15.300","36.450","26.936","40","14.504"
"C26-2","22.266","16.376","15.049","34.045","23.803","38.142","13.694"
"C26-2","22.306","16.356","15.108","34.012","23.651","40","13.659"
"C26-2","22.293","16.130","14.976","34.033","23.653","38.032","13.657"
"C26-3","22.756","16.260","14.548","33.866","25.946","38.779","13.477"
"C26-3","22.253","16.295","14.632","33.564","25.937","39.088","13.310"
"C26-3","22.534","16.203","14.649","33.227","25.806","40","13.266"
"C27-1","21.506","15.102","13.976","34.432","21.534","32.033","12.957"
"C27-1","21.530","15.117","14.075","36.971","21.416","32.052","12.658"
"C27-1","21.480","15.013","14.014","36.600","21.271","32.020","12.806"
"C27-2","31.228","15.375","14.298","32.409","21.736","24.355","12.992"
"C27-2","30.408","15.359","14.313","32.514","21.505","24.511","12.950"
"C27-2","30.531","15.212","14.210","32.751","21.536","24.558","12.871"
"C27-3","32.940","16.351","15.033","33.184","21.642","28.801","13.921"
"C27-3","33.077","16.440","15.068","32.636","21.586","29.387","13.834"
"C27-3","32.859","16.307","15.014","32.898","21.484","28.965","13.610"
"C28-1","30.882","16.231","15.232","35.945","25.674","40","14.132"
"C28-1","29.915","16.215","15.285","37.074","25.638","40","13.984"
"C28-1","29.768","16.071","15.239","40","25.489","40","14.047"
"C28-2","26.368","15.986","14.352","39.598","27.535","40","13.269"
"C28-2","26.700","15.974","14.447","40","27.311","40","13.217"
"C28-2","26.327","15.688","14.348","36.665","27.012","40","12.992"
"C28-3","26.424","15.646","14.432","35.887","23.933","40","13.345"
"C28-3","26.711","15.568","14.468","34.702","23.776","38.449","13.117"
"C28-3","26.231","15.602","14.391","40","23.727","36.702","13.074"
"C29-1","25.799","15.579","14.340","33.882","24.621","36.423","13.572"
"C29-1","25.739","15.556","14.413","33.501","24.307","39.753","13.087"
"C29-1","25.506","15.491","14.337","33.636","24.445","40","13.110"
"C29-2","25.990","14.963","14.990","36.190","24.982","37.543","13.410"
"C29-2","25.829","14.766","14.978","34.787","24.350","39.368","13.102"
"C29-2","25.609","14.932","14.983","35.929","24.516","39.111","13.245"
"C29-3","31.643","15.757","13.890","32.433","23.223","39.103","12.371"
"C29-3","30.364","15.740","13.071","33.364","23.018","39.559","12.048"
"C29-3","30.835","15.873","13.052","34.385","23.006","39.033","12.132"
"C30-1","28.654","15.755","13.740","35.509","23.587","23.010","12.628"
"C30-1","28.619","15.565","13.656","34.858","23.253","22.913","12.500"
"C30-1","28.138","15.592","13.646","36.063","23.198","22.941","12.598"
"C30-2","30.791","15.894","14.000","35.473","20.938","22.966","12.942"
"C30-2","29.965","15.899","13.980","36.146","20.539","22.978","12.871"
"C30-2","29.630","15.797","13.962","36.049","20.722","22.983","12.899"
"C30-3","26.508","14.855","14.631","30.806","19.849","18.038","13.118"
"C30-3","25.489","15.016","14.530","30.984","19.391","17.889","12.844"
"C30-3","25.765","14.924","14.548","31.416","19.424","18.057","12.952"
